exp_subject_id,scram_cond,stim_num,run,response_vals
377777,8B,2,1,17032;50468;65005
377777,8B,2,2,17059;33344;50913;65177
377777,2B,1,1,3514;4799;9427;12514;16665;21029;23361;27393;36977;44722;49421;58487;61976;68733;75194;77104
377777,2B,1,2,6924;27737;37522;45708;61284;78082
377777,intact,3,1,19268
377777,intact,3,2,
377777,2B,2,1,9289;13029;21058;25075;31931;32774;37485;38545;46555;49287;52978;60644;64960;68847;71044;73227;78051;79418
377777,2B,2,2,9095;12697;17145;20834;30399;32556;40841;49174;50644;52740;57484;60732;62455;64661;68730;70927;74520;79103
377777,8B,1,1,19766;37219;68502
377777,8B,1,2,20539;30398;36435;68582
377777,1B,3,1,5613;9147;11036;20521;35547;39443;45165;50141;53553;58907;62387;69361
377777,1B,3,2,5090;11263;19992;41491;49475;52684;55996;59483;61310;63665;67602;70048;71130;77435;78744
377777,1B,1,1,3272;7371;30799;33816;35848;43862;62212;66159;70906;79528
377777,1B,1,2,4166;5079;6104;9658;15604;18365;19821;26849;35548;42909;44672;47050;50111;53878;57438;64856;73391;75014;79557
377777,2B,3,1,5159;9483;17667;26020;29439;33697;40974;47377;49860;53939;58047;63260;65025;68961
377777,2B,3,2,4793;8322;9358;13041;17649;23207;26586;28800;33021;36036;38457;41320;44132;50351;53476;54895;58118;63147;67280;73604
377777,intact,1,1,35456
377777,intact,1,2,61475;66692;67799
377777,1B,2,1,13839;27812;35808;53198;55516;59387;69288;77696
377777,1B,2,2,3591;10259;13202;28396;52885;55238;59359;61046;69082;77193
377777,intact,2,1,32117;49779
377777,intact,2,2,48917
377777,8B,3,1,1328
377777,8B,3,2,61234
377770,intact,1,1,13188;34904;66705
377770,intact,1,2,35119;66997
377770,1B,3,1,7072;12572;17324;20976;26982;29083;34660;45429;47167;49345;53184;57485;61203;69145;71015;78671
377770,1B,3,2,4856;8586;12469;14834;20510;28529;34722;38935;45084;48945;53422;61276;69097;79316
377770,2B,3,1,14012;20237;25198;34758;41215;45186;53711;57231;63974;68143
377770,2B,3,2,4973;13113;20362;26060;33089;37533;41394;45420;52900;56850;63153;75099
377770,intact,2,1,12961;19264;31320;44938;49096;65376
377770,intact,2,2,12796;20122;31023;45092;49987;65717
377770,1B,2,1,10498;14909;18429;23270;30463;44621;55225;60055;69449;75422;79745
377770,1B,2,2,9105;17267;23416;30159;37221;44503;53116;60508;69056;74149
377770,8B,3,1,13260;22654;28132;32917;48877;64101;71878
377770,8B,3,2,12852;32707;48668;61351
377770,2B,1,1,13880;21856;29544;36860;49356;56771;65340;69828;76472
377770,2B,1,2,5432;13242;17422;21481;25419;29203;35792;49982;56714;65218;69277;73522
377770,8B,2,1,19344;33303;48042;66259
377770,8B,2,2,17152;26425;35676;47985;64804
377770,intact,3,1,18484;35425;51408
377770,intact,3,2,18131;51452
377770,1B,1,1,5245;13990;28543;35814;42811;65054;76879
377770,1B,1,2,7581;15600;33409;44012;60084;71788
377770,8B,1,1,18947;35348;47052;68799
377770,8B,1,2,18913;35348;53971;69822
377770,2B,2,1,9326;27254;44843;64764
377770,2B,2,2,25993;39292;47003;70268
377747,1B,3,1,5071;11010;18938;30663;52005;60105;71366;80248
377747,1B,3,2,7732;17895;26195;31275;39376;46626;52230;60172;71438;81268
377747,2B,3,1,2576;21487;26243;45289;54315;57755;65963;66926
377747,2B,3,2,9285;19640;25309;33657;40129;45954;53165;56801;65225;71652;79762
377747,intact,1,1,1244;6211;14604;26539;37097;45734;49849;61616;68552
377747,intact,1,2,3569;7912;13597;16622;29427;44493;60634;66938;76978
377747,8B,3,1,2352;13590;16461;28616;34364;44010;51873;61837;67408;71701;72074;72256
377747,8B,3,2,1929;8946;11937;29957;43155;46012;48471
377747,1B,2,1,18805;24373;42099;43050;52158;60927
377747,1B,2,2,13334;17020;22409;31881;49958;56125;60470;66212;75533
377747,intact,2,1,10879;22044;37519;50204
377747,intact,2,2,9129;26474;45758;50508;65559
377747,2B,1,1,14333;29361;45878;64469
377747,2B,1,2,16820;23214;29741;49242;55072;75877
377747,intact,3,1,18446;30042;45443;48796;52672;61307;76195;78169
377747,intact,3,2,204;493;33880;52567;69367
377747,8B,2,1,10491;17495;25045;27563;35617;45613;66014;77223
377747,8B,2,2,17121;26378;28280;39328;56155;69994
377747,1B,1,1,5351;14325;23603;34686;42871;47347;60515;65572;72651
377747,1B,1,2,273;455;5208;14743;19287;26533;38336;46921;54805;61640;71116
377747,2B,2,1,4038;9866;19438;35605;38359;43729;54020;62498;65891;72020
377747,2B,2,2,5059;16545;19293;34726;39324;45970;55030;64722;70949;79087
377747,8B,1,1,13957;19890;35047;44815;54091;63766;80612
377747,8B,1,2,13399;17025;35077;45650;50692;61919;65772;69215;80023
377708,2B,3,1,5194;21015;57705
377708,2B,3,2,10592;41096;56868
377708,8B,1,1,19993;37024;69850
377708,8B,1,2,20222;50671;82205
377708,1B,3,1,19048;27451;54739;65685
377708,1B,3,2,14122;46925;66726
377708,1B,2,1,14799;32948;46123;64674
377708,1B,2,2,35367;56061
377708,intact,2,1,35508;55344;78100
377708,intact,2,2,49293;66065
377708,2B,2,1,9487;45528;73638
377708,2B,2,2,46081;65047
377708,1B,1,1,6646;19443;42698
377708,1B,1,2,9572;20173;36492;69499
377708,8B,3,1,13357;36144;52498
377708,8B,3,2,20836;48850;64208
377708,intact,1,1,35075;63623;69912
377708,intact,1,2,35602;64244;70468
377708,2B,1,1,5428;29354
377708,2B,1,2,5191;25594;43872
377708,8B,2,1,17862;65136
377708,8B,2,2,17595;45441
377708,intact,3,1,18390;36617;51653
377708,intact,3,2,19559;37263;51196
377703,8B,2,1,16872;25116;32663;41120;54170;55646;65063
377703,8B,2,2,16637;24670;32706;41159;46651;59624;65176
377703,2B,1,1,8806;17598;22075;25588;29128;37075;50082;57271;65110;69106;73111;76863
377703,2B,1,2,4685;7617;12671;16636;20703;23163;25116;28644;33673;33901;36702;48183;52646;57350;61733;64684;68664;73209;77603
377703,intact,3,1,17111;36593;50147;71075;83140
377703,intact,3,2,16602;34104;50216;68135
377703,8B,1,1,19125;35112;45100;52700;67395
377703,8B,1,2,19253;44017;52595;67171;69168
377703,2B,2,1,5668;18523;28133;41130;68591
377703,2B,2,2,5606;14150;18137;28163;40115;59610;66645;79587
377703,1B,3,1,5519;14073;23114;34106;44978;63600;71022
377703,1B,3,2,5617;9378;14611;26193;41216;47554;58132;67186;75134
377703,2B,3,1,5566;14746;19854;24918;33962;43104;54032;73062;81229
377703,2B,3,2,9192;16569;19212;24610;33591;46147;53183;57580;63160;75091;81455
377703,intact,1,1,19137;35341;51405;67370
377703,intact,1,2,35105;67091
377703,1B,1,1,5503;11569;15179;28453;34000;42420;47645;68884
377703,1B,1,2,4633;14667;24667;33384;42383;47583;57194;79610
377703,1B,2,1,11619;19784;23088;30326;38478;47178;72830
377703,1B,2,2,8828;16635;24195;33590;49142;65140;72867
377703,intact,2,1,8560;19756;25443;37165;45824;49258;65188
377703,intact,2,2,8666;13036;20438;32580;45288;50493;71491
377703,8B,3,1,12795;17524;28282;33631;45664;58064;61813
377703,8B,3,2,12720;21983;43359;61299;75254
377701,2B,3,1,10842;19071;25853;32638;35188;40276;46130;50390;55452;60494;63546;67729;75957;79980
377701,2B,3,2,1349;7354;12898;14211;18478;20500;29021;34046;40430;44713;47703;50865;53269;61490;69087;69446;74310;76520;81308
377701,1B,3,1,5961;10402;12469;17391;24856;27611;34394;40273;46253;53014;56685;60268;66886;72832;76345
377701,1B,3,2,1104;5125;10224;16013;19406;25978;31196;35063;38123;39967;44745;49264;61047;70976;79436
377701,8B,1,1,1497;7022;18836;26863;33078;37211;51639;59216;62647;65403;69462;73801;81413
377701,8B,1,2,1508;2353;5759;10714;12600;24010;33170;36495;44662;53672;60038;66322;68198;71360;82913
377701,1B,2,1,1186;3092;7305;11988;24718;39195;42758;45163;46141;50534;55332;65708;68508;75378
377701,1B,2,2,1119;2466;4235;4786;12240;13341;15648;17888;20091;22664;24530;28259;31200;35926;40305;43139;45379;47017;52624;53870;56630;58793;61088;63611;66368;71826;77707
377701,2B,2,1,833;9360;24652;35973;45104;54224;61236;76158
377701,2B,2,2,3190;8483;34530;44054;65199;73053
377701,intact,2,1,10152;16222;25209;36901;41167;45618;47755;52054;62700;75813
377701,intact,2,2,1108;10241;12912;25756;34952;44372;48876;70166;75501
377701,intact,1,1,1830;6560;18281;26053;34760;38215;42723;45355;52945;56636;62155;71728;75908
377701,intact,1,2,1791;6803;12680;23978;34570;38710;42359;44822;55082;57568;66280;68097;74372
377701,1B,1,1,1491;6186;12485;16893;22313;31612;33234;38443;46645;54649;62366;69633
377701,1B,1,2,1000;4811;12478;15197;20182;32752;40212;45872;54389;59318;66660;71789;75382;80160
377701,8B,3,1,1950;10604;15175;18867;28661;39176;46644;54724;57787;64202;70262
377701,8B,3,2,4603;9550;12266;18240;23685;31106;38055;45557;51223;58164;61457;65233;68510;72147
377701,8B,2,1,5236;12027;18569;23504;26326;34147;40970;43846;47573;53219;56116;65499;70192;78652
377701,8B,2,2,16300;17570;21965;26279;32336;35732;38606;45520;50152;55695;63792;73540;79626
377701,intact,3,1,13762;18211;30936;35332;40102;46532;53120;61753;66096;73901
377701,intact,3,2,5602;17109;25816;30843;38302;41375;41797;52314;60607;67772;73359;78458
377701,2B,1,1,8368;13316;37188;46526;65083;72927
377701,2B,1,2,18351;35024;46052;56979;75778
377696,8B,2,1,32814;52352;66443
377696,8B,2,2,16895;32505;58602;66512
377696,intact,3,1,18742;51027;70651
377696,intact,3,2,16610;36343;50930
377696,2B,1,1,9624;25874;29284;39624;58622;66069;73615
377696,2B,1,2,23439;31181;57402;66820;74897
377696,8B,1,1,18601;35027;43064;69784;74311;84146
377696,8B,1,2,16482;39118;47370;69715
377696,1B,3,1,8642;16937;28405;43055;47753;69927
377696,1B,3,2,6633;14916;24458;35263;66936
377696,2B,2,1,8414;15267;27307;41330;50438;58173;65850
377696,2B,2,2,7421;16381;26467;44734;60636;67319
377696,intact,1,1,17397;33479;38494;57856;67495
377696,intact,1,2,19750;35363;55862;66520
377696,1B,1,1,5216;14655;30617;38212;47043;57821;65848;76390
377696,1B,1,2,4529;14520;24786;31887;46866;66390;75479
377696,2B,3,1,5962;11504;17644;23144;38981;42040;45725;52471;62619;70602
377696,2B,3,2,5518;15924;20578;25958;38749;44880;55536;63111;72981
377696,8B,3,1,12557;18429;40127;50893;63149;73138
377696,8B,3,2,12629;18209;32717;48668;63362;73503
377696,intact,2,1,21270;50328
377696,intact,2,2,19899;50960
377696,1B,2,1,46176
377696,1B,2,2,43742;49730
377694,2B,3,1,9414;21921;36113;53140;63379
377694,2B,3,2,9447;14153;46358
377694,intact,1,1,35535;52451;67611
377694,intact,1,2,27252;35183;51785;67625
377694,1B,3,1,9663;12214;17308;23392;35285;47237;62983
377694,1B,3,2,5375;9403;32194;35798;47355;60940;79568
377694,8B,3,1,17849;49057;63230
377694,8B,3,2,21219;33145;61849
377694,1B,2,1,10715;21618;45679;70988;75950
377694,1B,2,2,10532;20505;35927;45002;61285
377694,intact,2,1,14091;27773;49935;66134
377694,intact,2,2,10144;27326;49261;66647
377694,8B,2,1,17099;38245;45273;54892;69857
377694,8B,2,2,19467;27883;37317;45174;51405
377694,2B,1,1,7749;10958;13694;18253;24228;29460;39829;57083;66434;69909
377694,2B,1,2,5695;13460;26110;29324;43740;58070
377694,intact,3,1,18704;35909;51180
377694,intact,3,2,18948;37433;51171
377694,2B,2,1,4946;22219;34350;45782;65284
377694,2B,2,2,10266;45831;65293
377694,1B,1,1,12788;18189;33657;39752;43345;58338;75801
377694,1B,1,2,18201;36757;45957;65636;75975
377694,8B,1,1,16872;35533;58757;69961
377694,8B,1,2,18446;35275;45620;48975;69224;84321
377692,2B,3,1,19875;25812;62603;81391
377692,2B,3,2,19575;26277;62452;81622
377692,intact,1,1,34082;65276
377692,intact,1,2,33613;65717;66013
377692,1B,3,1,33469;42947;81109
377692,1B,3,2,34297
377692,8B,3,1,20686;36270;61337
377692,8B,3,2,15831;33990;49176
377692,intact,2,1,12163;27963;48392
377692,intact,2,2,45559;48330
377692,1B,2,1,11519;37191;47205;66129
377692,1B,2,2,10203;36174;44823
377692,8B,2,1,17039;27190;44063;55076
377692,8B,2,2,1422;17067;28748;44375;52739
377692,intact,3,1,16096;37177;50705;65013
377692,intact,3,2,16399;37433;50785;70076
377692,2B,1,1,2579;15573;31189;56629;65544
377692,2B,1,2,2154;14929;30199;41062;56735
377692,1B,1,1,5815;16220;33971;42240;66071
377692,1B,1,2,4996;16152;42876
377692,2B,2,1,27076;45990;64548
377692,2B,2,2,27215;39444;47112;60157;66234
377692,8B,1,1,20036;35531;45926;55327;69415
377692,8B,1,2,18266;35665;43584;54044;72178
377685,2B,2,1,25964;40969;58499
377685,2B,2,2,20187;68858
377685,intact,3,1,43525;53118;78679
377685,intact,3,2,20639;36059;47807;58749;69282
377685,8B,3,1,18509;31884;73383
377685,8B,3,2,8820;47677
377685,8B,2,1,29150;71782
377685,8B,2,2,18045;47802
377685,intact,1,1,69829
377685,intact,1,2,48220;75778
377685,1B,3,1,24463;55499
377685,1B,3,2,11370;71982
377685,1B,2,1,5967;20067;42141;68597
377685,1B,2,2,24274;31780;43855;57305;68516
377685,8B,1,1,52650
377685,8B,1,2,40653;54509;66051;72351
377685,2B,1,1,21747;40089;68827
377685,2B,1,2,44045
377685,1B,1,1,4839;10718;18975;33223;40261;48522;56820;73177
377685,1B,1,2,6381;22530;31606;44284;64876
377685,2B,3,1,5259;16093;23421;31821;47561;61586
377685,2B,3,2,11224;18610;21315;32050;59121;64763;75570
377685,intact,2,1,40043;50709
377685,intact,2,2,35139;43535;52084
377678,intact,3,1,7067;17401;28404;35217;48859;61096;66342;78145
377678,intact,3,2,10649;18025;32908;36675;47350;51114;65585;72045;81241
377678,2B,1,1,3910;9268;14791;19086;24031;30140;40118;46311;52047;57769;58200;69184;75462
377678,2B,1,2,3892;9815;18657;25274;30554;40108;56459;67322;75178;79844
377678,8B,2,1,18260;28530;36673;44581;49891;66206;76812
377678,8B,2,2,16779;31367;44659;49821;67043;74262
377678,8B,1,1,16914;22096;28376;34948;42257;48916;54997;64084;70027;82414
377678,8B,1,2,16182;21809;28820;34932;47217;63247;69149
377678,1B,3,1,5156;11670;17146;32573;41243;47629;56696;62772;70055;76878
377678,1B,3,2,5891;12156;16616;30242;35740;46236;57366;62532;70502
377678,2B,2,1,6563;9908;18219;24511;32626;37515;45246;50258;64457;79110
377678,2B,2,2,6366;9417;18652;24645;32974;40572;44218;61787;66164
377678,intact,1,1,6264;16501;18764;34579;46410;51078;64019;71578
377678,intact,1,2,18241;30076;35322;42165;58175;63372;67035;74197
377678,1B,1,1,3658;14820;20168;32553;42901;48667;56970;65194;74198;80211
377678,1B,1,2,3417;5694;14569;20530;25005;30900;35813;42973;49015;56994;64270;75702;80221
377678,2B,3,1,8226;14957;21916;28886;36695;45885;56301;61913;72535;78193
377678,2B,3,2,7996;19063;27666;32619;41771;53569;61025;70240
377678,1B,2,1,8143;14048;20674;28139;34392;41854;45517;54071;60148;66733;70403;73867;77977
377678,1B,2,2,8216;14954;21131;30211;32393;34985;42660;47301;54252;55858;66204;70168;77130
377678,8B,3,1,12677;18355;30861;46981;61481
377678,8B,3,2,12509;18235;35899;46219;74213
377678,intact,2,1,10273;21290;24943;29918;36167;44979;49445;66134
377678,intact,2,2,10368;13700;23410;32633;48288;65250
377672,2B,1,1,
377672,2B,1,2,58389
377672,intact,3,1,
377672,intact,3,2,38423;55741
377672,8B,2,1,
377672,8B,2,2,19759;47054
377672,1B,3,1,
377672,1B,3,2,9815;36531;43500;80585
377672,2B,2,1,
377672,2B,2,2,19612;49927;67082
377672,8B,1,1,
377672,8B,1,2,47707;70470;80923
377672,1B,1,1,
377672,1B,1,2,46121;70193
377672,intact,1,1,
377672,intact,1,2,37001;73671
377672,2B,3,1,
377672,2B,3,2,10018;56056
377672,intact,2,1,
377672,intact,2,2,24337;38939;57586;57665
377672,1B,2,1,
377672,1B,2,2,26417;37120;56085;73065
377672,8B,3,1,
377672,8B,3,2,9671;35691;67811
377665,8B,1,1,
377665,8B,1,2,19258;35520;46157;68606
377665,1B,3,1,
377665,1B,3,2,4467;8011;11411;13707;16555;22595;30609;34578;44648;47184;49080;56761;62647;69853;79035
377665,2B,3,1,
377665,2B,3,2,4697;18715;24866;35912;45088;53553;56601;63141;66086;76955;81180
377665,2B,2,1,
377665,2B,2,2,4840;11208;13792;17473;28306;38051;40602;45575;49825;53458;66738;68834
377665,intact,2,1,
377665,intact,2,2,11658;32769;42269
377665,1B,2,1,
377665,1B,2,2,4883;10627;14667;25392;31356;33284;38645;44773;54593;57506;60834;64881;74681
377665,1B,1,1,
377665,1B,1,2,4611;12034;15098;21543;29380;33052;38644;42596;45412;48731;54869;59942;69387;71027;74910;79369
377665,8B,3,1,
377665,8B,3,2,13228;32714;49004;61421
377665,intact,1,1,
377665,intact,1,2,16074;31657;34873;66988;77242
377665,8B,2,1,3231;39437
377665,8B,2,2,16958;32550;49549;65637
377665,2B,1,1,
377665,2B,1,2,9038;14085;44867;52969;60907
377665,intact,3,1,
377665,intact,3,2,18168;50643
377664,intact,3,1,50840
377664,intact,3,2,18652;50966
377664,2B,2,1,45135;65878
377664,2B,2,2,44530;65331
377664,8B,3,1,49793
377664,8B,3,2,18481;34436;67680
377664,intact,1,1,36923;67372
377664,intact,1,2,35096
377664,8B,2,1,28442;50985;78409
377664,8B,2,2,27764;42204;78895
377664,1B,3,1,15809;53841
377664,1B,3,2,47227;69060
377664,2B,1,1,57497
377664,2B,1,2,42949;56915
377664,1B,2,1,23393;73392
377664,1B,2,2,17426;45480
377664,8B,1,1,38370;60261;74943
377664,8B,1,2,48356;69355
377664,2B,3,1,20666;26958;76773
377664,2B,3,2,9476;21678
377664,intact,2,1,11298;50584
377664,intact,2,2,36456
377664,1B,1,1,16033;33805;43028;60397
377664,1B,1,2,6513;16486;70625
377663,8B,3,1,14851;19081;28972;29498;30406;46108;66391;72120;74309
377663,8B,3,2,14733;18210;28159;30501;44655;46448;66175;74580
377663,intact,3,1,15720;20799;24102;30248;32087;40095;46451;48450;57037;60479;64366;72342;78465;80365
377663,intact,3,2,14010;16089;20182;30579;32454;46421;48419;56224;60775;62463;64437;66621;78352;80162
377663,2B,2,1,3722;4696;6832;12456;16468;20921;23172;24733;26385;30661;32384;37132;40058;42567;54555;68403
377663,2B,2,2,4554;7061;12153;14129;16651;24666;26379;29020;36275;42397;53725;60922;62618;70508
377663,1B,3,1,2850;6775;12109;14809;22131;30255;32540;52936;54280;59222;60260;66596;70917;72494;76082
377663,1B,3,2,6780;12090;14831;18196;22043;28128;32375;44520;52532;54177;60145;65743;70499;75826;79690
377663,8B,2,1,14230;18256;22114;26195;28185;29044;30847;33436;54079;59110;62654;66304;66465;70130;76381;78228
377663,8B,2,2,6829;14145;18040;22094;28178;29107;30617;40859;41599;54132;59090;62080;66753;70126;76226;76344;78447
377663,intact,1,1,4345;6588;13156;16369;20374;24952;30523;32156;37136;40534;42570;46416;48141;52073;56890;64180;72996;73084
377663,intact,1,2,4113;9098;15117;16148;20046;25324;30122;32167;36518;40428;42206;44641;46498;48407;50453;56220;60722;62783;63580;64664;67052;69210;73129;78783
377663,2B,1,1,5708;8652;12362;14501;16691;20588;22819;28289;30279;35453;40251;43995;47149;52373;54416;60213;68338;72758;74495
377663,2B,1,2,4960;8189;12860;16376;22123;28474;33516;36835;38756;43405;47503;53551;54434;59163;67136;72711
377663,1B,2,1,931;5337;8188;11102;12775;14967;16958;18784;22475;24412;27403;31766;32711;37188;39430;42531;48324;51962;55462;59616;63153;68577;71630
377663,1B,2,2,840;4430;10349;12502;16439;20219;22953;26482;30567;33882;37308;40035;42456;44611;46480;50652;51560;54281;60174;67543;71645;73730;74645;78517
377663,8B,1,1,5430;10373;13733;17716;20151;23993;28218;32130;41080;42858;43428;45633;50101;52294;54296;61227;62744;64624;70442;74461;80982;82868
377663,8B,1,2,4313;8399;15081;16627;20407;24421;28464;33015;34718;44087;45716;50149;51993;54398;56214;61250;64236;68509;72775;79177;80785;82285;83746
377663,1B,1,1,5866;10512;14512;17818;21129;22858;25978;26963;29010;31595;35074;37002;38795;44471;46697;50149;54540;55513;58922;61662;66161;69329;72698;75550
377663,1B,1,2,4681;8317;14116;18403;22740;27038;28690;32375;35028;37257;40250;46458;51602;54511;56059;60016;67991;71236;72790;79425
377663,intact,2,1,6525;10482;16454;21039;24829;31837;34508;37617;44480;49400;53424;62774;65964;70077;73811;77464
377663,intact,2,2,6553;12008;15489;23015;25280;30757;39137;43336;47435;53315;61486;65858;73083
377663,2B,3,1,3536;6043;12179;20784;26315;31274;33555;36938;39105;43092;46459;48787;50732;53698;60508;63818;67334;72066;75510;78703
377663,2B,3,2,4059;8677;12821;17305;23768;27080;30984;34819;38013;40683;48613;51639;53539;56954;59905;62985;66509;70547;72990;76438
377650,intact,3,1,22677;35877;50972;62330
377650,intact,3,2,18575;35190;50996;61543
377650,8B,3,1,23837;32966;61114
377650,8B,3,2,61001;70664
377650,2B,2,1,4645;8969;11091;12621;24598;26566;48746;65287;69117
377650,2B,2,2,4549;8873;11338;12606;16991;24618;38164;48091;53157;64668;73515
377650,1B,3,1,5245;7245;9172;11389;12719;14547;19530;20912;22780;25591;28621;37070;42266;46984;52817;58130;69401;70765;78606
377650,1B,3,2,6070;7201;11262;12839;15179;20687;22668;34602;41284;52198;57133;67927;69451;70913
377650,8B,2,1,17177;24656;34063;51083;64913
377650,8B,2,2,16813;32717;50200;76873
377650,intact,1,1,35154;44802;67400
377650,intact,1,2,34974;42750
377650,1B,2,1,3095;13266;15365;18753;22913;24977;28840;34648;43148;49038;55761;59805;66375;71128;77086;79002
377650,1B,2,2,2998;10155;13653;15076;22076;30707;43500;50704;56268;61086;69214;76036;77970
377650,8B,1,1,29349;37018;43514
377650,8B,1,2,21498;34976;43052;67259
377650,2B,1,1,4636;13063;17108;21417;25397;28335;34462;37741;64604;72694
377650,2B,1,2,4598;12410;20214;28430;37400;64752;68950;72793
377650,2B,3,1,4953;12020;18872;25700;32620;35409;45171;46944;51086;53275;56630;63149;72806
377650,2B,3,2,5474;10025;13544;22021;29617;33170;35300;44938;50931;53419;56823;63316;73335
377650,1B,1,1,4916;13061;16158;23061;28068;33111;38972;45450;47586;52530;59690;65486;75660
377650,1B,1,2,4695;13317;15610;21246;27090;31690;33969;39339;43067;46925;60128;65483;79162
377650,intact,2,1,8608;19303;41054;49193;67062
377650,intact,2,2,8776;20103;25644;38077;45547;49042;66131;75187
377648,intact,3,1,21787
377648,intact,3,2,18193
377648,8B,2,1,22139;51128
377648,8B,2,2,33582
377648,2B,1,1,19487;52816;59337
377648,2B,1,2,42649;63573
377648,2B,2,1,8313;27635;39387;51460;65150
377648,2B,2,2,9020;51633;65988
377648,1B,3,1,5665;11963;62564;70925
377648,1B,3,2,6137;11609;25989;36203;51958;70065
377648,8B,1,1,19138;37451;54765;68942
377648,8B,1,2,19301;55097;68127
377648,1B,1,1,3588;6493;16113;22786;33267;43594;48518;77024
377648,1B,1,2,3317;6432;16033;22663;33531;41400;58564;75520
377648,2B,3,1,6773;11487;17162;21067;27046;38819;43883;53066;57293;63065
377648,2B,3,2,9331;15166;20795;26496;34764;38688;41591;45953;53798;57161;63241
377648,intact,1,1,34988;66942
377648,intact,1,2,35009;67313
377648,intact,2,1,11686;47322
377648,intact,2,2,38635;49331;66947
377648,1B,2,1,18739;35049;74104
377648,1B,2,2,45547
377648,8B,3,1,65974
377648,8B,3,2,62945
377647,1B,3,1,6440;21462;36258;63883
377647,1B,3,2,19894;32378;49440;74588
377647,intact,1,1,49599;76116
377647,intact,1,2,34795;69682
377647,2B,3,1,14713;20341;30680;53465;60390;64398;73819
377647,2B,3,2,13782;22404;26666;59320;67538
377647,intact,2,1,49805
377647,intact,2,2,11255;13091;49453
377647,8B,3,1,12803;13717;17174;32527;50147;63390;71768
377647,8B,3,2,17057;18718;32829;49465;63377;73546
377647,1B,2,1,13922;16127;28880;31766;46162;63357
377647,1B,2,2,13434;14950;29716;41257;47714;76201;77335
377647,8B,2,1,19473;45046;69431
377647,8B,2,2,24165;35033;51035;67069
377647,intact,3,1,17311;51176
377647,intact,3,2,23338;51890
377647,2B,1,1,30390;49989;59604;66915;69553
377647,2B,1,2,7095;9695;13990;16614;29861;34457;56697
377647,1B,1,1,7956;17945;34776;70748
377647,1B,1,2,14060;34488;39219;44385;67360;70458
377647,8B,1,1,11678;21344;44705;68877
377647,8B,1,2,22027;45169;68326
377647,2B,2,1,6666;30785;46107;50268;59508;74856
377647,2B,2,2,30195;46715;63849;75379
393320,8B,2,1,16521;24745;35599;41017;48292;50860;61590;67090;76959
393320,8B,2,2,14575;24577;28609;33669;54283;65367;75174
393320,intact,3,1,19298;35554;51252;59106;67358;78962
393320,intact,3,2,9975;19233;29301;35314;46818;51113;59226;67239;78812
393320,2B,1,1,5274;9709;14606;22210;28200;37171;46555;53827;57554;67679;74069
393320,2B,1,2,7128;14074;22227;28852;35776;42728;52489;60191;66109;74226
393320,2B,2,1,7332;13331;24925;39185;45469;62420;73199
393320,2B,2,2,6413;14081;29156;39200;45347;59609;65258;71079
393320,8B,1,1,13738;19047;28695;39040;54150;68262
393320,8B,1,2,9367;19132;27623;35256;45882;59325;68708
393320,1B,3,1,5458;9794;25652;31265;36450;46598;54714;57811;70541;76092;76163
393320,1B,3,2,5426;15308;22143;26163;35592;44236;47322;54633;61680;73256
393320,1B,1,1,4904;27328;40991;45117;61299;75476
393320,1B,1,2,6356;24242;35115;43766;52202;59553;70280
393320,2B,3,1,6183;9531;15201;20873;26168;44860;53045;59250;63426
393320,2B,3,2,6077;13085;20475;26378;34036;39453;53251;58926;63949
393320,intact,1,1,16366;34472;44206;61235;67257
393320,intact,1,2,14063;34969;43265;51001;66904
393320,intact,2,1,9475;18498;49176;66075
393320,intact,2,2,9125;13386;23968;49287;65150
393320,8B,3,1,14067;18049;49707;66388
393320,8B,3,2,16811;49552;61445
393320,1B,2,1,18840;45180;72923
393320,1B,2,2,18763;45520;71128
393277,2B,3,1,10636;21982;40127;50170;54601;64926
393277,2B,3,2,7573;14844;27560;52664
393277,intact,1,1,34843
393277,intact,1,2,19083;35431;49364;67395
393277,1B,3,1,4873;12983;20302;29578;54129;63307;79498
393277,1B,3,2,5680;16914;38593;49565;57881;70593
393277,8B,3,1,13194;17734;33039;48711;62410;74756
393277,8B,3,2,60856
393277,intact,2,1,15460;25355;46385;52659;65471
393277,intact,2,2,44585;51412
393277,1B,2,1,3446;11046;15874;17071;23576;29218;30835;38734;42628;46923;56595;69127;79007
393277,1B,2,2,22601;34178;51744;54894;57510;71835;72752
393277,intact,3,1,18386;35022;61552
393277,intact,3,2,15944;50928;64348
393277,2B,1,1,4850;12587;21071;28715;52277;61903;66057;70042
393277,2B,1,2,4760;13472;20603;28735;41127;57152;65119;69151;77140
393277,8B,2,1,17404;31977;33614;42326;51829;65132
393277,8B,2,2,17258;24974;33899;51997;66135;76998
393277,2B,2,1,7608;27043;39558;52142;65536;72198
393277,2B,2,2,9053;18716;29531;40812;48086;59620;65499;71352
393277,8B,1,1,20492;34769;49731;54141;70026
393277,8B,1,2,20120;34560;47098;69215
393277,1B,1,1,6810;16009;33565;39228;44917;75983
393277,1B,1,2,4111;15900;32877;43265;62216;79546
393267,1B,3,1,5910;17398;35150;46470;61550
393267,1B,3,2,18732;55228;63827;72884
393267,8B,1,1,19715;35410;54178;71410
393267,8B,1,2,19815;35151;53198;68751
393267,2B,3,1,27329;29625;38434;54977;64169
393267,2B,3,2,25819;36955;53043;64555
393267,1B,2,1,13212;15682;23155;25508;27643;31491;34259;55147;72579
393267,1B,2,2,13090;14770;23066;25098;31562;45570;55090;57883;63402;74547;77394
393267,2B,2,1,9268;47948;65541;74636
393267,2B,2,2,18048;18216;50513;65576;73496
393267,intact,2,1,44923;49099
393267,intact,2,2,44999;49215;65720
393267,intact,1,1,35648;53321;67393
393267,intact,1,2,35510;51470;67782
393267,8B,3,1,23896;35607
393267,8B,3,2,20043;34683;50452
393267,1B,1,1,6824;19807;21575;33351;44128;75759
393267,1B,1,2,8948;17621;34749;43508;63173
393267,8B,2,1,17990;34397;56038;67165
393267,8B,2,2,17110;34814;52134;67501
393267,intact,3,1,18272;52096
393267,intact,3,2,18689;51346
393267,2B,1,1,13125;18188;29581;37812;57036;64941;69236;74916;77564
393267,2B,1,2,12721;17113;20713;24865;28544;41553;65041;69176;73184;77152
393263,intact,3,1,19728;52542
393263,intact,3,2,17804;51297
393263,8B,3,1,17154;38621;57458;64770
393263,8B,3,2,19863;45658;50679;62557;71713;71996
393263,2B,2,1,7670;41146;61312;70203
393263,2B,2,2,5751;41147;51814
393263,intact,1,1,18660;35248;63787
393263,intact,1,2,31134;36529;46414;63100
393263,8B,2,1,17309;33130;50833
393263,8B,2,2,17173;28669;35677;51167
393263,1B,3,1,12920;15104;22940;35211;37858;41374;46817;63653
393263,1B,3,2,5606;11883;47237;71226
393263,8B,1,1,18405;35347;54949;69276
393263,8B,1,2,20702;38672;55223;68564
393263,2B,1,1,7771;13164;36126;44519;55251;66452;69980
393263,2B,1,2,5067;13906;21023;30039;45460;54875;66163
393263,1B,2,1,18177;43470;59807;69423
393263,1B,2,2,14151;18179;28973;45789;59825;70837
393263,intact,2,1,19541;21368;27957;29559;34318;46192;65910
393263,intact,2,2,10233;25036;36103;45323;49659;66307
393263,1B,1,1,19535;31608;43727;66602;80223
393263,1B,1,2,6693;13920;32836;43249;65701;79669
393263,2B,3,1,18079;32850;54239
393263,2B,3,2,5617;20749;32875;38527;63322
393251,1B,3,1,12044;14991;22140;26986;30266;41862;47473;57363;72284
393251,1B,3,2,7118;15191;58499
393251,8B,1,1,35930;69003
393251,8B,1,2,20766;37263;69348
393251,2B,3,1,19920;28073;53530
393251,2B,3,2,26113;59120
393251,1B,2,1,45619;61601
393251,1B,2,2,1578
393251,intact,2,1,9163
393251,intact,2,2,
393251,2B,2,1,
393251,2B,2,2,7992
393251,intact,1,1,40212;68472
393251,intact,1,2,35279
393251,8B,3,1,14188;53770
393251,8B,3,2,21095;51837
393251,1B,1,1,6805;24343;38845;61629
393251,1B,1,2,5959;15344;56399
393251,8B,2,1,0109;36202
393251,8B,2,2,24067
393251,2B,1,1,
393251,2B,1,2,15218;47261
393251,intact,3,1,18564;51039
393251,intact,3,2,19444;51609
393232,2B,2,1,5392;44824;65312
393232,2B,2,2,6585;45433;64985
393232,8B,3,1,50090;62042
393232,8B,3,2,49280;61383
393232,intact,3,1,18159;50784
393232,intact,3,2,16962;51354
393232,1B,3,1,5203;11114;15434;19482;28131;34979;46667;56923;65027;71587
393232,1B,3,2,4801;10249;15521;25025;34113;46705;57097;69441
393232,intact,1,1,35283;67388
393232,intact,1,2,34953;67297
393232,8B,2,1,17062;33006;50614;65358
393232,8B,2,2,16943;33087;51079;65214
393232,2B,1,1,5639;19223;25070;29718;37197;46647;56742;66094;69134;72518;80190
393232,2B,1,2,4575;9095;12695;17934;20767;26750;29119;40583;48959;56983;64671;70272;73088;77231
393232,1B,2,1,17515;27860;35588;45532;55244;62851;72931
393232,1B,2,2,10309;17526;29613;38285;49030;61318;78493
393232,8B,1,1,20768;35136;45184;69647
393232,8B,1,2,18854;35111;43702;47855;68567
393232,2B,3,1,5099;12715;20627;27043;33066;40635;53131;57010
393232,2B,3,2,5120;12673;20409;25400;30368;33017;43297;53224;56905
393232,1B,1,1,5170;15066;27874;34186;38986;43706;47266;55770;79906
393232,1B,1,2,5186;15554;20226;29963;33970;38475;44602;46826;79929
393232,intact,2,1,9040;45935;51615
393232,intact,2,2,11576;45160
393275,8B,3,1,17932;28588;49314;63674
393275,8B,3,2,23726;32290;36598;49929;62923;72019
393275,2B,2,1,5633;11385;30998;44992
393275,2B,2,2,39829;66036
393275,intact,3,1,16649;47180
393275,intact,3,2,18249;51128
393275,intact,1,1,14756;30518;45355;62471;73899
393275,intact,1,2,14263;62612
393275,1B,3,1,16199;34445;47975;64425;71415
393275,1B,3,2,7033;9352;13650;20270;47187;63662;79713
393275,8B,2,1,17881;28134;34553;41772;52094;55314
393275,8B,2,2,17143;25031;33042;77573
393275,8B,1,1,14960;22345;37656;44458;63068;71108;80939
393275,8B,1,2,14815;34650;44605;47404;62392;68818
393275,2B,1,1,14864;22344;28918;41191;52541;61985;65222;70409
393275,2B,1,2,3234;5466;9369;11713;13479;16923;20663;24722;28647;35101;41029;45053;61603
393275,1B,2,1,16804;35655;37903;44907;56088;61494
393275,1B,2,2,35347;39884;45211;55670;61010;75040
393275,2B,3,1,6208;12927;21865;26622;32858;35660;48115;53938
393275,2B,3,2,5631;19495;33137;43077;46914;54416;58142;67391;73342;78589
393275,1B,1,1,6483;16068;31995;40169;42991;58581;64908
393275,1B,1,2,4938;14914;36512;38851;39056;43229;47969
393275,intact,2,1,11268;50119
393275,intact,2,2,11371;45482;49231
393254,1B,3,1,13575;16464;36119;48887;72547
393254,1B,3,2,13437;16213;34937;70916
393254,intact,1,1,16641;34455;68369
393254,intact,1,2,34376;66677
393254,2B,3,1,6474;20003;27023;62251
393254,2B,3,2,8554;13697;19749;26051;35805;57790
393254,8B,3,1,13284;16732;33313;48592
393254,8B,3,2,16425;32043;47965
393254,intact,2,1,13965;45625;48065
393254,intact,2,2,26345;47781
393254,1B,2,1,17806;44550
393254,1B,2,2,17880;44259
393254,8B,2,1,30078
393254,8B,2,2,17380;30276;59169
393254,2B,1,1,23849;29955
393254,2B,1,2,14424;58308
393254,intact,3,1,17902;48342;82783
393254,intact,3,2,17248;48084;82825
393254,8B,1,1,25880;64016;68909
393254,8B,1,2,36324;66933
393254,1B,1,1,6992;15951;34935;70015
393254,1B,1,2,5502;15186;42901;65181
393254,2B,2,1,27171;41338;46011;53468;71512
393254,2B,2,2,303;27038;41646;47834;63335;70167
393253,intact,3,1,
393253,intact,3,2,
393253,2B,2,1,0513
393253,2B,2,2,0273
393253,8B,3,1,
393253,8B,3,2,
393253,1B,3,1,
393253,1B,3,2,
393253,8B,2,1,437
393253,8B,2,2,3537
393253,intact,1,1,
393253,intact,1,2,36123
393253,8B,1,1,8780
393253,8B,1,2,0331
393253,2B,1,1,
393253,2B,1,2,
393253,1B,2,1,
393253,1B,2,2,
393253,2B,3,1,18776;25776;81704
393253,2B,3,2,19693;25597;81500
393253,intact,2,1,50597
393253,intact,2,2,49524
393253,1B,1,1,4833;14593
393253,1B,1,2,15159
393252,intact,3,1,20554;56273
393252,intact,3,2,20089;53658
393252,2B,1,1,6867;17786;29618;42355;66755;69670;73807;77833
393252,2B,1,2,5606;15962;22789;45455;65946;74971
393252,8B,2,1,18480;35724;67136
393252,8B,2,2,17811;33683;66356
393252,2B,2,1,47241;66780;70075
393252,2B,2,2,18951;52136;77597
393252,8B,1,1,19723;70510
393252,8B,1,2,54684;76999
393252,1B,3,1,32276;47909;54597
393252,1B,3,2,24107;48615;71256
393252,intact,1,1,38736
393252,intact,1,2,37248;69024
393252,2B,3,1,59228
393252,2B,3,2,15443;56303
393252,1B,1,1,6626;18262;45931
393252,1B,1,2,7765;48664
393252,intact,2,1,50319
393252,intact,2,2,50745
393252,1B,2,1,27959
393252,1B,2,2,10850;27603
393252,8B,3,1,63852
393252,8B,3,2,62971
393247,intact,3,1,17891;46771;50882;66364
393247,intact,3,2,18284;35404;50908
393247,8B,3,1,10693;22397;28548;34053;48414;68877
393247,8B,3,2,28386;32393;48386;61066;71371
393247,2B,2,1,9114;13177;18305;25330;29137;38386;44329;52746;64569;70065
393247,2B,2,2,5508;12899;28419;32202;44523;64843;68779
393247,1B,3,1,6562;11201;16361;22706;34706;38617;54250;70626
393247,1B,3,2,7114;11682;12866;16834;20491;34435;54531;70475
393247,intact,1,1,18705;34929;46449;67313
393247,intact,1,2,14526;30694;34566;50398;64502;66733
393247,8B,2,1,17132;32363;43435;51611;76531
393247,8B,2,2,16794;26345;32266;40706;49450
393247,8B,1,1,46710;51581;80694
393247,8B,1,2,18666;34682;47043;68418
393247,2B,1,1,5596;7451;12195;14491;17036;20788;28732;36915;44716;57172;65771
393247,2B,1,2,4992;7175;13359;29000;34768;44552;52583;57200;65048
393247,1B,2,1,17507;24701;45059;49451;60763;69163;79323
393247,1B,2,2,10315;17275;24491;39196;45539;48970;51051;61051;67267;73411;78939
393247,1B,1,1,5663;16431;33207;47623;75407
393247,1B,1,2,6404;16524;27228;33371;43237;60404;75172
393247,intact,2,1,9096;38777;50161
393247,intact,2,2,12915;20416;42913;45128;65953
393247,2B,3,1,5558;29420;33708;47218;57564;65108
393247,2B,3,2,13142;22389;27605;33165;47181;57254
393249,1B,3,1,22436;33645;40922;51069;61310;71822
393249,1B,3,2,1764;10166;22366;28625;42154;57078;73308
393249,intact,1,1,4637;13230;31172;41598;48894;58049;64736;71174;78604
393249,intact,1,2,6518;15661;30062;44003;68382
393249,2B,3,1,687;6891;14093;19820;25755;37857;54726;58985
393249,2B,3,2,1705;25545;39136;53655;59766;64711;73173;81530
393249,intact,2,1,
393249,intact,2,2,762;7922;11065;13453;21525;29785;33232;38950;44920;49735;53291;57829;62100;65248;69113;76145;79662
393249,8B,3,1,
393249,8B,3,2,
393249,1B,2,1,
393249,1B,2,2,
393249,intact,3,1,2120
393249,intact,3,2,
393249,2B,1,1,5618;14468;30875;42136;67004
393249,2B,1,2,4320;17910;30730;47198;55721
393249,8B,2,1,12476;24383;34217;69222;79831
393249,8B,2,2,18258;28755;34501;51604
393249,1B,1,1,6533;15507;33574;40573;48260;57761;62419;69543;76408
393249,1B,1,2,7514;15611;51811;62186;76033
393249,8B,1,1,15777;29283;63766;76303
393249,8B,1,2,19104;54014;69794
393249,2B,2,1,6631;12867;25047;46207;50656;68867;78407
393249,2B,2,2,6460;12363;24998;46056;53994;65303;69498
393245,intact,1,1,30665;52970;65719
393245,intact,1,2,32227;65338
393245,1B,3,1,19152;38618;56472
393245,1B,3,2,18488;54936;63248
393245,2B,3,1,26794;34192;48347;64448
393245,2B,3,2,15128;43083;52777;64005
393245,intact,2,1,25503;42028;49048;66084
393245,intact,2,2,23805;39243;49614
393245,8B,3,1,20104;34105;57549;74852
393245,8B,3,2,18790;33062;48816;62211;75636
393245,1B,2,1,17569;40054;53066;74349
393245,1B,2,2,17433;38553;63083
393245,2B,1,1,17988;36499;44894;57263
393245,2B,1,2,26070;38768;57239
393245,8B,2,1,19005;33918;65954
393245,8B,2,2,23287;45893;53727;69789;70097
393245,intact,3,1,19537;50967;72706
393245,intact,3,2,19587;50941;78783
393245,2B,2,1,17691;37042;68330
393245,2B,2,2,36699;51171;65524
393245,8B,1,1,43571;71540
393245,8B,1,2,19601;57660;68607
393245,1B,1,1,29720
393245,1B,1,2,21727;26629
393246,1B,3,1,18915;27706;43194;45408;46250;48572;51301;52201;52524;52810;55468;63888;75047
393246,1B,3,2,16947;19915;35417;54903;57073;57965;80138
393246,2B,3,1,20198;57211;65086;79204
393246,2B,3,2,3915;20223;30200;38632;60693
393246,8B,1,1,21356;37127;55445;68717
393246,8B,1,2,20118;35498;68713
393246,1B,2,1,6098;17854;31689;51618;77612
393246,1B,2,2,20781;33041;48403;57478
393246,intact,2,1,10596;28625;45110;50519;67588
393246,intact,2,2,11226;43003;44901;49326;70090
393246,2B,2,1,39370;46889;63804
393246,2B,2,2,7546;39256;64587
393246,1B,1,1,24380;35176;46030;63357
393246,1B,1,2,26310;34903;51313;77682
393246,intact,1,1,40793;54577;68600
393246,intact,1,2,5711;35083;45282;67485
393246,8B,3,1,18358;33006;49378
393246,8B,3,2,17771;32273;49653;63191
393246,2B,1,1,30590;39198;59308
393246,2B,1,2,31467;38359;57231
393246,intact,3,1,12170;19987;34387;50747;64248
393246,intact,3,2,11379;11559;18111;52128;62106;67414;72822
393246,8B,2,1,5705;12137;15419;18622;24090;26955;30837;35550;51271;65322;66249;71631;80004
393246,8B,2,2,17097;33337;52058;67018;78836
393244,intact,3,1,15381;29253;49862;78376
393244,intact,3,2,16826;17393;18795;42465;47501;61171;61453
393244,2B,1,1,29714;61674
393244,2B,1,2,29216;36453;64308
393244,8B,2,1,17412;52677
393244,8B,2,2,30751
393244,8B,1,1,19153;23392;35951;68333
393244,8B,1,2,13371;32958;67420
393244,2B,2,1,5729;18569;32001;32629;39529;62409
393244,2B,2,2,20478;31925;42591
393244,1B,3,1,16574;30571;44586;65177;80723
393244,1B,3,2,10672;28366;52800;74399
393244,2B,3,1,8812;19851;26049;50766;80899
393244,2B,3,2,1975;12909;19200;37498;48484;70790;81596
393244,1B,1,1,13141;22800;24458;42732;56462;68537
393244,1B,1,2,5770;15328;44760;54489;70607;71268
393244,intact,1,1,14683;20556;35077;51408;61505
393244,intact,1,2,16694;24778;30332;42495;52369;62323
393244,intact,2,1,45441;66889
393244,intact,2,2,45199
393244,8B,3,1,48513
393244,8B,3,2,6309;30747;48539
393244,1B,2,1,4481
393244,1B,2,2,
393242,2B,3,1,4764;7137;11601;14594;20291;24921;30137;32587;35354;40810;44059;46841;50209;53297;56788;76996
393242,2B,3,2,3201;12855;26570;28943;32375;34439;36640;40536;44704;48561;50927;54519;56543;60297;64967;67568;70395;77359;78759
393242,1B,3,1,15296;21342;22838;26720;28942;31110;36854;41846;47534;51622;55206;60344;66206;69790;70944;75342
393242,1B,3,2,5261;7275;9531;12563;14643;17013;19795;20803;25043;28949;32507;34891;37091;41053;46763;53053;70565;73739;76387;79123
393242,8B,1,1,13581;14955;20931;28316;34611;44797;52371;61381;63371;68819
393242,8B,1,2,13264;18830;29392;34966;43360;54216;62822;68776;84320
393242,2B,2,1,29568;31287;46049;69001
393242,2B,2,2,30948;52837;69238
393242,1B,2,1,6680;16947;24377;33267;43137;47977;54617;62122;68368;72715;77841;78864
393242,1B,2,2,6820;9914;15531;17220;23410;32340;39946;48693;56898;70348
393242,intact,2,1,9159;44903;65519;74701
393242,intact,2,2,49431;68359
393242,1B,1,1,4985;7207;13127;15345;21175;23127;27128;30999;36935;38921;43111;53241;55327;59431;64505
393242,1B,1,2,4676;6516;10806;13060;15060;18988;21174;24708;36862;42892;46764;55262;64484;72582
393242,8B,3,1,9875;13346;17346;27556;38748;43858;48746;56924;65306;72316
393242,8B,3,2,5749;16581;29117;49070;65101;77133
393242,intact,1,1,15044;21266;30932;37346;45444;62754;67146
393242,intact,1,2,14778;19383;32738;35191;45538;61440;66864
393242,2B,1,1,5367;12979;20623;20739;23059;29091;35055;39035;45256;53507;58311;65091;69412;72955
393242,2B,1,2,5414;12601;17062;20984;23216;28884;35168;44820;57074;64992;70274;72688;77808
393242,intact,3,1,10364;18519;29579;34471;46836;52127;62259;67607;82564
393242,intact,3,2,11167;22290;29798;36946;47786;51150;60998;68246;77434;82294
393242,8B,2,1,17517;32723;42000;66243
393242,8B,2,2,17257;33163;42942;50306;59374;67031;78419
393241,intact,3,1,13862;33423;53422;67174
393241,intact,3,2,20953;43753;63633;80177
393241,2B,2,1,24564
393241,2B,2,2,12930;44889;71080
393241,8B,3,1,33755;70791
393241,8B,3,2,23752;49336;65569
393241,1B,3,1,20291;48509;70097
393241,1B,3,2,21431;74810
393241,8B,2,1,24059;40354;53195;62666
393241,8B,2,2,22864;50907
393241,intact,1,1,15195;48957;72460
393241,intact,1,2,25188;51949
393241,8B,1,1,15761;22175;34960;54692;73498
393241,8B,1,2,23724;40950;69456
393241,1B,2,1,25994;45070;61789
393241,1B,2,2,14027;29050
393241,2B,1,1,23280;43034;57376;74802
393241,2B,1,2,19764;34645;64698
393241,1B,1,1,5434;23927;36692;52148;67591
393241,1B,1,2,21430;46894;67946
393241,intact,2,1,24543;49027
393241,intact,2,2,39786;51958
393241,2B,3,1,19875;34484;54495;71928
393241,2B,3,2,28571;42677;54565;64374;77245
393240,2B,1,1,3178;13593;22857;29050;35745;43569;53721;66113
393240,2B,1,2,7308;18972;29036;38132;56501;65564;72085
393240,8B,2,1,17069;28381;34189;41157;50197;77333;80197
393240,8B,2,2,20439;32855;39367;48351;64823;76519
393240,intact,3,1,10706;16953;34137;50658;64690;66906;82498
393240,intact,3,2,16526;35527;47503;51311;60039;82319
393240,2B,2,1,6221;9669;24109;38165;53445;63733;77805
393240,2B,2,2,10192;20631;25927;29175;38663;44839;61335;74935;75519
393240,1B,3,1,5444;17388;34108;47420;69972;71924;77708
393240,1B,3,2,5140;9068;15708;29940;53788;63996;71180
393240,8B,1,1,19445;34501;45117;66628
393240,8B,1,2,18134;34263;54094;67143
393240,intact,1,1,13427;18171;29259;35155;43059;50883;61899;66875
393240,intact,1,2,18179;34411;43907;50411;63147;66483
393240,2B,3,1,7244;14020;20284;25268;33812;45100;53572;57556;62532;72268;80676
393240,2B,3,2,5772;9500;13540;18156;24532;32356;48476;53148;57372;63404;72340;81164
393240,1B,1,1,5185;14953;34737;43505;47793;59025;74225
393240,1B,1,2,4611;14507;24747;35131;42891;59308;75619
393240,1B,2,1,11384;30671;44343;60311;73903
393240,1B,2,2,13194;29022;40290;44362;56362;61578;70626;74338
393240,8B,3,1,12560;17280;32576;43312;48344;63144;70991
393240,8B,3,2,679;12959;32447;48431
393240,intact,2,1,8610;24298;44434;48946;65202
393240,intact,2,2,9197;19493;24989;45077;49244;65165
393239,8B,1,1,20005;59955;69022
393239,8B,1,2,22286;67740
393239,2B,3,1,33534;57207;79312
393239,2B,3,2,14227;64072
393239,1B,3,1,11486;52697;72250
393239,1B,3,2,20244;41555;54910;75562
393239,1B,2,1,16962;33544;61918
393239,1B,2,2,36388;66488;75275
393239,intact,2,1,9964;32350;46769;51375;74142
393239,intact,2,2,48931
393239,2B,2,1,20741;63380
393239,2B,2,2,26217;44409;53635;69361
393239,1B,1,1,6550;16302;58758
393239,1B,1,2,5168;15630;35720
393239,8B,3,1,16203;76442
393239,8B,3,2,45426;57173;63764
393239,intact,1,1,35574;41056
393239,intact,1,2,22081;33939
393239,2B,1,1,5213;7386;13745;30087;38621;47800;66217
393239,2B,1,2,28774;37909;53750
393239,8B,2,1,19579;60062
393239,8B,2,2,18949;21852;33335;77408
393239,intact,3,1,28561
393239,intact,3,2,17733;35741
393236,intact,3,1,607;11690;18008;33072;50242;76188
393236,intact,3,2,16721;34224;49708;60606;81327
393236,8B,3,1,6515;14743;28463;33219;44340;51106;55771;60918;66878;74988
393236,8B,3,2,10146;17667;27190;32855;42120;51119;57251;59488;68096;75470
393236,2B,2,1,4585;9526;12741;24499;28956;32623;37226;47983;54052;61259;64881;68820;77185
393236,2B,2,2,4470;20560;24527;28538;36344;44196;54244;64799;70348;77058
393236,8B,2,1,16532;25092;32482;48807;64981;76625
393236,8B,2,2,4564;16514;24502;33835;40591;64832;77593
393236,1B,3,1,4854;6982;10835;12809;15928;18648;20575;23282;26253;29273;32508;37003;41581;46541;49228;53004;56772;61304;70419;80214
393236,1B,3,2,612;4953;13272;16178;20562;26047;35115;43231;51334;58110;63727;70488
393236,intact,1,1,696;14464;20740;30457;34697;43463;46667;50092;54038;62258;66470;74287
393236,intact,1,2,4638;14036;18182;30073;34320;42546;50144;62062;66334;72427
393236,1B,2,1,5351;12541;16776;21229;24526;28309;37071;44720;49588;53017;59115;66122;76852
393236,1B,2,2,2745;8645;12811;16498;21561;27792;33009;40580;48361;55613;61070;66645;72593;77542
393236,8B,1,1,14511;18253;34095;43935;51185;62486;80504
393236,8B,1,2,17588;35207;46049;54258;64249;69123;80424
393236,2B,1,1,4559;9045;12597;17032;21463;26036;28882;37320;42536;52293;57589;64565;72709
393236,2B,1,2,3005;4793;8526;16592;20761;24901;29080;34895;40867;45962;54343;57573;64775;68492;73487;77234
393236,intact,2,1,8336;10543;15100;22509;30514;39376;44275;51311;54805;60605;66743
393236,intact,2,2,3102;10931;18322;23305;36925;46894;52562;65297
393236,1B,1,1,5122;9622;18211;31836;38623;44010;48574;60056;67313;74467
393236,1B,1,2,4953;12246;30054;38065;46559;51190;57125;62168;67713;78614
393236,2B,3,1,4516;7083;12562;15483;26158;32378;41104;46649;50453;53097;56439;63002;72335;77380
393236,2B,3,2,4507;7094;12561;17121;24393;28638;32665;40973;47238;52956;56851;63043;69688
393233,8B,2,1,19205;25182;34102;56054;65671;77136
393233,8B,2,2,22950;28126;33934;51175
393233,2B,1,1,3646;8126;14102;17846;22958;24662;28534;37454;41166;49846;57469;65318;73702
393233,2B,1,2,15155;17227;21907;24747;28755;37244;57189;66076;68917;74293;77069
393233,intact,3,1,22045;37645;53086;61270
393233,intact,3,2,20828;35627;52301;62452;69100
393233,1B,3,1,5748;9724;9788;52253;70701;74709;76709
393233,1B,3,2,1526;9414;11150;12654;14558;17534;18998;21038;22743;25150;26854;28726;30630;32430;35039;36911;38727;42759;45631;46863;52711;55583;57159;71119
393233,8B,1,1,19255;36335;71151
393233,8B,1,2,22440;35368
393233,2B,2,1,5902;9846;13358;49287;65432
393233,2B,2,2,5407;17639;39263;48287;65159;76087
393233,1B,1,1,9405;14652;27821;44398;58005
393233,1B,1,2,10790;43614;62166
393233,intact,1,1,36284;55741;67645
393233,intact,1,2,38216;55704;58408;68169
393233,2B,3,1,8210;18273;30010;43354;55658;61042;72778
393233,2B,3,2,9204;15187;17628;24148;44804;52461;77869
393233,intact,2,1,9199;13751;19671;37591;49223
393233,intact,2,2,9607;13686;49630
393233,8B,3,1,1154;15401;33098;49547;62859;72155
393233,8B,3,2,17296;32816;49232
393233,1B,2,1,27641;39682;59714;66066;73626
393233,1B,2,2,8699;15315;39196;49332;71836
393231,intact,1,1,
393231,intact,1,2,40017
393231,1B,3,1,39073
393231,1B,3,2,74795
393231,2B,3,1,20037;25338
393231,2B,3,2,5167
393231,intact,2,1,2439
393231,intact,2,2,
393231,1B,2,1,
393231,1B,2,2,3669;63425
393231,8B,3,1,
393231,8B,3,2,
393231,8B,2,1,51658
393231,8B,2,2,30552
393231,intact,3,1,19542
393231,intact,3,2,18109
393231,2B,1,1,8048
393231,2B,1,2,271
393231,8B,1,1,
393231,8B,1,2,
393231,2B,2,1,
393231,2B,2,2,
393231,1B,1,1,455;15774
393231,1B,1,2,4521;15455
393230,8B,1,1,20688;34813;35576;68493
393230,8B,1,2,18617;35253;68725
393230,2B,3,1,20002;20172;26159;53520;74684
393230,2B,3,2,20918;26310;65173
393230,1B,3,1,12946;17721;33046;34846;48130;69866
393230,1B,3,2,16662;47198;57209;64577
393230,1B,2,1,18032;52763;57736;61245;78189
393230,1B,2,2,7942;9218;13890;25113;34009;43453;46252;62737
393230,intact,2,1,28164;45756;48886
393230,intact,2,2,43587;45746;49017
393230,2B,2,1,7677;45164;59267;64893;75720
393230,2B,2,2,9113;25529;39281;52561;79904
393230,1B,1,1,6803;16201;43203;60873;77051
393230,1B,1,2,5737;19005;42643;65725
393230,intact,1,1,34959;66934
393230,intact,1,2,39778;66849
393230,8B,3,1,16781;39388;48997
393230,8B,3,2,32931;49214
393230,intact,3,1,19814;35013;51024
393230,intact,3,2,17995;51817
393230,8B,2,1,17014;34456;52574;68688
393230,8B,2,2,16586;26634;34147;51449
393230,2B,1,1,0541;57576;70172
393230,2B,1,2,25218;31133;41952;57157;77975
393229,2B,1,1,13142;30782;56782
393229,2B,1,2,8085;22949;30228;57061
393229,intact,3,1,16819;50540
393229,intact,3,2,16579;50355
393229,8B,2,1,22810;42146;55433
393229,8B,2,2,20153;53969
393229,8B,1,1,20013;68461
393229,8B,1,2,21040;39312;68168
393229,2B,2,1,0545;65313
393229,2B,2,2,6338;64691
393229,1B,3,1,
393229,1B,3,2,8714;34858;69554
393229,intact,1,1,66999
393229,intact,1,2,34401;66521
393229,2B,3,1,10436;20172;26724
393229,2B,3,2,9895;19959;26295;63424
393229,1B,1,1,6827;15147
393229,1B,1,2,4737;15217;69817
393229,intact,2,1,48758
393229,intact,2,2,45420
393229,8B,3,1,32632;48392;72751
393229,8B,3,2,32000;47703;71535
393229,1B,2,1,5588
393229,1B,2,2,18100;42084;73604
393227,2B,3,1,5178;9561;14970;22042;26954;33034;36506;41010;44674;49874;53434;57394;67834;73610
393227,2B,3,2,8740;24716;38612;40876;45556;53348;66044;69205;76525
393227,intact,1,1,19102;35062;45710;51614;64126;67758;73622
393227,intact,1,2,20028;21731;37660;43668;44379;48580;50772;61244;63188;75076
393227,1B,3,1,4942;14590;17230;32382;35558;44934;51134;55750;65934;74070;76422
393227,1B,3,2,16594;34546;38345;56762;59962;62345;76610
393227,1B,2,1,16057;30297;43241;46337;53657;78065
393227,1B,2,2,7330;14138;15442;17930;20930;24010;25186;32370;39394;47106;59698;65466;69858;73026;74434;77778
393227,intact,2,1,10120;15760;33832;40168;43536;49440;59872;67176
393227,intact,2,2,13505;27537;39705;45825;54473;70297
393227,8B,3,1,6355;17978;29410;33114;48538;61538;71778
393227,8B,3,2,7885;18949;28085;33309;43005;49525;61133
393227,intact,3,1,20246;35414;47542;51438;66926
393227,intact,3,2,18141;41149;60597;68733;78461
393227,8B,2,1,16965;24973;33141;43501;51805;60965;71806;76717
393227,8B,2,2,17182;28078;33478;44551;52182;65127;76959
393227,2B,1,1,12846;18902;20822;25014;30966;38606;53838;56894;65110;69294;74766
393227,2B,1,2,7488;10280;12744;15912;20728;25000;29176;35904;49248;53664;57232;72296
393227,1B,1,1,29406;46398;70014
393227,1B,1,2,5007;5791;14631;15175;27135;31871;38959;43063;47383;56591
393227,2B,2,1,7195;45954;66114
393227,2B,2,2,7372;8980;15724;45885;79172
393227,8B,1,1,17782;18733;23405;37158;44365;48158;68566
393227,8B,1,2,18817;35096;55848
