exp_subject_id,Task_Name,space_press1,space_press2
377777,8B_2,"""times=1645569371758;1645569388791;1645569422227;1645569436764---values=;17032;50468;65005""","""times=1645569371758;1645569472180;1645569488465;1645569506034;1645569520298---values=;17059;33344;50913;65177"""
377777,2B_1,"""times=1645569201571;1645569205087;1645569206372;1645569211000;1645569214087;1645569218238;1645569222602;1645569224934;1645569228967;1645569238550;1645569246295;1645569250994;1645569260060;1645569263549;1645569270307;1645569276767;1645569278677---values=;3514;4799;9427;12514;16665;21029;23361;27393;36977;44722;49421;58487;61976;68733;75194;77104""","""times=1645569301872;1645569312685;1645569322471;1645569330656;1645569346233;1645569363030---values=16924;27737;37522;45708;61284;78082"""
377777,intact_3,"""times=1645569026262;1645569045530---values=;19268""","""times=1645569026262---values="""
377777,2B_2,"""times=1645568741120;1645568750411;1645568754151;1645568762180;1645568766197;1645568773053;1645568773896;1645568778608;1645568779667;1645568787677;1645568790409;1645568794100;1645568801766;1645568806082;1645568809969;1645568812166;1645568814349;1645568819173;1645568820540---values=;9289;13029;21058;25075;31931;32774;37485;38545;46555;49287;52978;60644;64960;68847;71044;73227;78051;79418""","""times=1645568741121;1645568833572;1645568837174;1645568841622;1645568845311;1645568854876;1645568857033;1645568865318;1645568873651;1645568875121;1645568877217;1645568881961;1645568885209;1645568886932;1645568889138;1645568893207;1645568895405;1645568898997;1645568903580---values=;9095;12697;17145;20834;30399;32556;40841;49174;50644;52740;57484;60732;62455;64661;68730;70927;74520;79103"""
377777,8B_1,"""times=1645568562034;1645568581801;1645568599254;1645568630537---values=;19766;37219;68502""","""times=1645568562034;1645568670422;1645568680281;1645568686318;1645568718465---values=;20539;30398;36435;68582"""
377777,1B_3,"""times=1645568389862;1645568395476;1645568399010;1645568400899;1645568410384;1645568425410;1645568429306;1645568435028;1645568440004;1645568443416;1645568448770;1645568452250;1645568459225---values=;5613;9147;11036;20521;35547;39443;45165;50141;53553;58907;62387;69361""","""times=1645568389862;1645568479790;1645568485963;1645568494692;1645568516191;1645568524175;1645568527384;1645568530696;1645568534184;1645568536010;1645568538365;1645568542302;1645568544749;1645568545830;1645568552135;1645568553444---values=;5090;11263;19992;41491;49475;52684;55996;59483;61310;63665;67602;70048;71130;77435;78744"""
377777,1B_1,"""times=1645568140884;1645568144157;1645568148256;1645568171684;1645568174701;1645568176733;1645568184747;1645568203097;1645568207044;1645568211791;1645568220413---values=;3272;7371;30799;33816;35848;43862;62212;66159;70906;79528""","""times=1645568140884;1645568228418;1645568229331;1645568230356;1645568233910;1645568239856;1645568242617;1645568244073;1645568251101;1645568259800;1645568267161;1645568268924;1645568271302;1645568274363;1645568278130;1645568281690;1645568289108;1645568297643;1645568299266;1645568303809---values=;4166;5079;6104;9658;15604;18365;19821;26849;35548;42909;44672;47050;50111;53878;57438;64856;73391;75014;79557"""
377777,2B_3,"""times=1645567949713;1645567954872;1645567959196;1645567967381;1645567975733;1645567979152;1645567983410;1645567990687;1645567997090;1645567999573;1645568003652;1645568007760;1645568012973;1645568014738;1645568018674---values=;5159;9483;17667;26020;29439;33697;40974;47377;49860;53939;58047;63260;65025;68961""","""times=1645567949713;1645568039394;1645568042923;1645568043959;1645568047643;1645568052250;1645568057808;1645568061187;1645568063401;1645568067622;1645568070637;1645568073058;1645568075921;1645568078734;1645568084953;1645568088077;1645568089496;1645568092719;1645568097749;1645568101881;1645568108205---values=;4793;8322;9358;13041;17649;23207;26586;28800;33021;36036;38457;41320;44132;50351;53476;54895;58118;63147;67280;73604"""
377777,intact_1,"""times=1645567782482;1645567817938---values=;35456""","""times=1645567782482;1645567925842;1645567931059;1645567932166---values=;61475;66692;67799"""
377777,1B_2,"""times=1645567501983;1645567515823;1645567529797;1645567537792;1645567555182;1645567557500;1645567561371;1645567571272;1645567579680---values=;13839;27812;35808;53198;55516;59387;69288;77696""","""times=1645567501983;1645567588961;1645567595628;1645567598572;1645567613765;1645567638254;1645567640607;1645567644728;1645567646415;1645567654451;1645567662562---values=;3591;10259;13202;28396;52885;55238;59359;61046;69082;77193"""
377777,intact_2,"""times=1645567331521;1645567363639;1645567381301---values=;32117;49779""","""times=1645567331521;1645567463801---values=;48917"""
377777,8B_3,"""times=1645567228758---values=61328""","""times=1645567167430;1645567309067---values=;61234"""
377777,practice_task,NA,NA
377770,intact_1,"""times=1645568445490;1645568458685;1645568480401;1645568512202---values=;13188;34904;66705""","""times=1645568445490;1645568562494;1645568594372---values=;35119;66997"""
377770,1B_3,"""times=1645568272121;1645568279197;1645568284697;1645568289449;1645568293101;1645568299107;1645568301208;1645568306785;1645568317554;1645568319292;1645568321470;1645568325309;1645568329610;1645568333328;1645568341270;1645568343140;1645568350796---values=;7072;12572;17324;20976;26982;29083;34660;45429;47167;49345;53184;57485;61203;69145;71015;78671""","""times=1645568272121;1645568361851;1645568365581;1645568369464;1645568371829;1645568377505;1645568385524;1645568391717;1645568395930;1645568402079;1645568405940;1645568410417;1645568418271;1645568426092;1645568436311---values=;4856;8586;12469;14834;20510;28529;34722;38935;45084;48945;53422;61276;69097;79316"""
377770,2B_3,"""times=1645568098064;1645568112083;1645568118308;1645568123269;1645568132829;1645568139286;1645568143257;1645568151782;1645568155302;1645568162045;1645568166214---values=;14012;20237;25198;34758;41215;45186;53711;57231;63974;68143""","""times=1645568098064;1645568187907;1645568196047;1645568203296;1645568208994;1645568216023;1645568220467;1645568224328;1645568228354;1645568235834;1645568239784;1645568246087;1645568258033---values=;4973;13113;20362;26060;33089;37533;41394;45420;52900;56850;63153;75099"""
377770,intact_2,"""times=1645567804208;1645567817170;1645567823473;1645567835529;1645567849147;1645567853305;1645567869585---values=;12961;19264;31320;44938;49096;65376""","""times=1645567804208;1645567900375;1645567907701;1645567918602;1645567932671;1645567937566;1645567953296---values=;12796;20122;31023;45092;49987;65717"""
377770,1B_2,"""times=1645567634317;1645567644819;1645567649230;1645567652750;1645567657591;1645567664784;1645567678942;1645567689546;1645567694376;1645567703770;1645567709743;1645567714066---values=;10498;14909;18429;23270;30463;44621;55225;60055;69449;75422;79745""","""times=1645567634317;1645567726804;1645567734966;1645567741115;1645567747858;1645567754920;1645567762202;1645567770815;1645567778207;1645567786755;1645567791848---values=;9105;17267;23416;30159;37221;44503;53116;60508;69056;74149"""
377770,8B_3,"""times=1645567470967;1645567484230;1645567493624;1645567499102;1645567503887;1645567519847;1645567535071;1645567542848---values=;13260;22654;28132;32917;48877;64101;71878""","""times=1645567470967;1645567564233;1645567584088;1645567600049;1645567612732---values=;12852;32707;48668;61351"""
377770,2B_1,"""times=1645567159340;1645567173222;1645567181198;1645567188886;1645567196202;1645567208698;1645567216113;1645567224682;1645567229170;1645567235814---values=;13880;21856;29544;36860;49356;56771;65340;69828;76472""","""times=1645567159340;1645567248145;1645567255955;1645567260135;1645567264194;1645567268132;1645567271916;1645567278505;1645567292695;1645567299427;1645567307931;1645567311990;1645567316235---values=;5432;13242;17422;21481;25419;29203;35792;49982;56714;65218;69277;73522"""
377770,8B_2,"""times=1645566989687;1645567009036;1645567022995;1645567037734;1645567055951---values=;19344;33303;48042;66259""","""times=1645566989687;1645567090228;1645567099501;1645567108752;1645567121061;1645567137880---values=;17152;26425;35676;47985;64804"""
377770,intact_3,"""times=1645566814784;1645566833275;1645566850216;1645566866199---values=;18484;35425;51408""","""times=1645566814784;1645566919285;1645566952606---values=;18131;51452"""
377770,1B_1,"""times=1645566555036;1645566560285;1645566569030;1645566583584;1645566590854;1645566597851;1645566620094;1645566631919---values=;5245;13990;28543;35814;42811;65054;76879""","""times=1645566555036;1645566645999;1645566654018;1645566671827;1645566682430;1645566698502;1645566710206---values=;7581;15600;33409;44012;60084;71788"""
377770,8B_1,"""times=1645566376721;1645566395670;1645566412071;1645566423775;1645566445522---values=;18947;35348;47052;68799""","""times=1645566376721;1645566483472;1645566499907;1645566518530;1645566534381---values=;18913;35348;53971;69822"""
377770,2B_2,"""times=1645566164680;1645566174008;1645566191936;1645566209525;1645566229446---values=;9326;27254;44843;64764""","""times=1645566164680;1645566274052;1645566287351;1645566295062;1645566318327---values=;25993;39292;47003;70268"""
377770,practice_task,"""times=1645565849186;1645565858478;1645565866466;1645565882515---values=16131;25423;33411;49460""","""times=1645565920388;1645565936393;1645565952596---values=17921;33926;50129"""
377747,1B_3,"""times=1645563994378;1645563999455;1645564005394;1645564013322;1645564025047;1645564046389;1645564054489;1645564065750;1645564074632---values=;5071;11010;18938;30663;52005;60105;71366;80248""","""times=1645563994378;1645564086982;1645564097145;1645564105445;1645564110525;1645564118626;1645564125876;1645564131480;1645564139422;1645564150688;1645564160518---values=;7732;17895;26195;31275;39376;46626;52230;60172;71438;81268"""
377747,2B_3,"""times=1645563819747;1645563822327;1645563841238;1645563845994;1645563865040;1645563874066;1645563877506;1645563885714;1645563886677---values=;2576;21487;26243;45289;54315;57755;65963;66926""","""times=1645563819747;1645563913913;1645563924268;1645563929938;1645563938285;1645563944757;1645563950582;1645563957793;1645563961429;1645563969853;1645563976280;1645563984390---values=;9285;19640;25309;33657;40129;45954;53165;56801;65225;71652;79762"""
377747,intact_1,"""times=1645563627999;1645563629250;1645563634217;1645563642610;1645563654545;1645563665103;1645563673740;1645563677855;1645563689622;1645563696558---values=;1244;6211;14604;26539;37097;45734;49849;61616;68552""","""times=1645563627999;1645563713486;1645563717829;1645563723514;1645563726540;1645563739344;1645563754410;1645563770551;1645563776855;1645563786895---values=;3569;7912;13597;16622;29427;44493;60634;66938;76978"""
377747,8B_3,"""times=1645563342483;1645563344837;1645563356075;1645563358946;1645563371101;1645563376849;1645563386495;1645563394358;1645563404322;1645563409893;1645563414186;1645563414559;1645563414741---values=;2352;13590;16461;28616;34364;44010;51873;61837;67408;71701;72074;72256""","""times=1645563342483;1645563425000;1645563432017;1645563435008;1645563453028;1645563466226;1645563469083;1645563471542---values=;1929;8946;11937;29957;43155;46012;48471"""
377747,1B_2,"""times=1645563163438;1645563182245;1645563187813;1645563205539;1645563206490;1645563215598;1645563224367---values=;18805;24373;42099;43050;52158;60927""","""times=1645563163438;1645563260150;1645563263836;1645563269225;1645563278697;1645563296774;1645563302941;1645563307286;1645563313028;1645563322349---values=;13334;17020;22409;31881;49958;56125;60470;66212;75533"""
377747,intact_2,"""times=1645562953342;1645562964231;1645562975395;1645562990870;1645563003555---values=;10879;22044;37519;50204""","""times=1645562953342;1645563045866;1645563063211;1645563082495;1645563087245;1645563102296---values=;9129;26474;45758;50508;65559"""
377747,2B_1,"""times=1645562750143;1645562764483;1645562779511;1645562796028;1645562814619---values=;14333;29361;45878;64469""","""times=1645562750143;1645562850357;1645562856751;1645562863278;1645562882779;1645562888609;1645562909414---values=;16820;23214;29741;49242;55072;75877"""
377747,intact_3,"""times=1645562561722;1645562580174;1645562591769;1645562607170;1645562610523;1645562614399;1645562623034;1645562637922;1645562639896---values=;18446;30042;45443;48796;52672;61307;76195;78169""","""times=1645562561722;1645562648297;1645562648586;1645562681973;1645562700660;1645562717460---values=;204;493;33880;52567;69367"""
377747,8B_2,"""times=1645562391456;1645562401952;1645562408956;1645562416506;1645562419024;1645562427078;1645562437074;1645562457475;1645562468684---values=;10491;17495;25045;27563;35617;45613;66014;77223""","""times=1645562391456;1645562491969;1645562501226;1645562503128;1645562514176;1645562531003;1645562544842---values=;17121;26378;28280;39328;56155;69994"""
377747,1B_1,"""times=1645562186307;1645562191666;1645562200640;1645562209918;1645562221001;1645562229186;1645562233662;1645562246831;1645562251887;1645562258966---values=;5351;14325;23603;34686;42871;47347;60515;65572;72651""","""times=1645562186307;1645562269965;1645562270147;1645562274900;1645562284435;1645562288979;1645562296225;1645562308028;1645562316613;1645562324497;1645562331332;1645562340808---values=;273;455;5208;14743;19287;26533;38336;46921;54805;61640;71116"""
377747,2B_2,"""times=1645562013665;1645562017709;1645562023538;1645562033109;1645562049276;1645562052030;1645562057401;1645562067691;1645562076169;1645562079562;1645562085691---values=;4038;9866;19438;35605;38359;43729;54020;62498;65891;72020""","""times=1645562013665;1645562102118;1645562113604;1645562116352;1645562131785;1645562136383;1645562143029;1645562152089;1645562161781;1645562168008;1645562176146---values=;5059;16545;19293;34726;39324;45970;55030;64722;70949;79087"""
377747,8B_1,"""times=1645561594678;1645561608638;1645561614571;1645561629728;1645561639496;1645561648772;1645561658447;1645561675293---values=;13957;19890;35047;44815;54091;63766;80612""","""times=1645561594678;1645561695957;1645561699583;1645561717635;1645561728208;1645561733250;1645561744477;1645561748330;1645561751773;1645561762581---values=;13399;17025;35077;45650;50692;61919;65772;69215;80023"""
377747,practice_task,"""times=1645561348922;1645561353259;1645561361882;1645561380780;1645561392667;1645561398920;1645561404641---values=5895;10232;18855;37753;49640;55893;61614""","""times=1645561417110;1645561421848;1645561429333;1645561432733;1645561446386;1645561446574;1645561452621;1645561457881;1645561467930;1645561470678;1645561473599---values=4830;9568;17053;20453;34105;34293;40341;45601;55650;58398;61319"""
377735,practice_task,"""times=1645559712309;1645559717436;1645559721576;1645559723253;1645559725406;1645559728272;1645559730599;1645559733356;1645559735722;1645559737561;1645559739425;1645559741708;1645559745716;1645559751906;1645559761572---values=8700;13827;17967;19644;21797;24663;26990;29747;32113;33952;35815;38099;42107;48297;57963""","""times=1645559776396;1645559781440;1645559792105;1645559796380;1645559798602;1645559806141;1645559820007;1645559832090---values=3115;8159;18824;23099;25321;32860;46726;58809"""
377708,2B_3,"""times=1645560102488;1645560107685;1645560123506;1645560160196---values=;5194;21015;57705""","""times=1645560102488;1645560197942;1645560228446;1645560244218---values=;10592;41096;56868"""
377708,8B_1,"""times=1645559766084;1645559786082;1645559803113;1645559835939---values=;19993;37024;69850""","""times=1645559766084;1645559874125;1645559904574;1645559936108---values=;20222;50671;82205"""
377708,1B_3,"""times=1645559586694;1645559605748;1645559614151;1645559641439;1645559652385---values=;19048;27451;54739;65685""","""times=1645559586694;1645559685684;1645559718487;1645559738288---values=;14122;46925;66726"""
377708,1B_2,"""times=1645559343353;1645559358159;1645559376308;1645559389483;1645559408034---values=;14799;32948;46123;64674""","""times=1645559343353;1645559462107;1645559482801---values=;35367;56061"""
377708,intact_2,"""times=1645559149283;1645559184794;1645559204630;1645559227386---values=;35508;55344;78100""","""times=1645559149283;1645559281948;1645559298719---values=;49293;66065"""
377708,2B_2,"""times=1645558979496;1645558988986;1645559025027;1645559053137---values=;9487;45528;73638""","""times=1645558979496;1645559108958;1645559127924---values=;46081;65047"""
377708,1B_1,"""times=1645558632543;1645558639193;1645558651990;1645558675245---values=;6646;19443;42698""","""times=1645558632543;1645558725491;1645558736092;1645558752411;1645558785418---values=;9572;20173;36492;69499"""
377708,8B_3,"""times=1645558464815;1645558478176;1645558500963;1645558517317---values=;13357;36144;52498""","""times=1645558464815;1645558566075;1645558594089;1645558609447---values=;20836;48850;64208"""
377708,intact_1,"""times=1645558298492;1645558333570;1645558362118;1645558368407---values=;35075;63623;69912""","""times=1645558298492;1645558415981;1645558444623;1645558450847---values=;35602;64244;70468"""
377708,2B_1,"""times=1645558046281;1645558051712;1645558075638---values=;5428;29354""","""times=1645558046281;1645558134851;1645558155254;1645558173532---values=;5191;25594;43872"""
377708,8B_2,"""times=1645557876213;1645557894080;1645557941354---values=;17862;65136""","""times=1645557876213;1645557977197;1645558005043---values=;17595;45441"""
377708,intact_3,"""times=1645557700582;1645557718976;1645557737203;1645557752239---values=;18390;36617;51653""","""times=1645557700582;1645557806501;1645557824205;1645557838138---values=;19559;37263;51196"""
377708,practice_task,"""times=1645557540960;1645557546918;1645557562883;1645557580035---values=10750;16708;32673;49825""","""times=1645557617031;1645557635000;1645557651181---values=17406;35375;51556"""
377703,8B_2,"""times=1645559821237;1645559838118;1645559846362;1645559853909;1645559862366;1645559875416;1645559876892;1645559886309---values=;16872;25116;32663;41120;54170;55646;65063""","""times=1645559821237;1645559921282;1645559929315;1645559937351;1645559945804;1645559951296;1645559964269;1645559969821---values=;16637;24670;32706;41159;46651;59624;65176"""
377703,2B_1,"""times=1645559651823;1645559660635;1645559669427;1645559673904;1645559677417;1645559680957;1645559688904;1645559701911;1645559709100;1645559716939;1645559720935;1645559724940;1645559728692---values=;8806;17598;22075;25588;29128;37075;50082;57271;65110;69106;73111;76863""","""times=1645559651823;1645559739913;1645559742845;1645559747899;1645559751864;1645559755931;1645559758391;1645559760344;1645559763872;1645559768901;1645559769129;1645559771930;1645559783411;1645559787874;1645559792578;1645559796961;1645559799912;1645559803892;1645559808437;1645559812831---values=;4685;7617;12671;16636;20703;23163;25116;28644;33673;33901;36702;48183;52646;57350;61733;64684;68664;73209;77603"""
377703,intact_3,"""times=1645559474634;1645559491757;1645559511239;1645559524793;1645559545721;1645559557786---values=;17111;36593;50147;71075;83140""","""times=1645559474634;1645559577630;1645559595132;1645559611244;1645559629163---values=;16602;34104;50216;68135"""
377703,8B_1,"""times=1645559224272;1645559243406;1645559259393;1645559269381;1645559276981;1645559291676---values=;19125;35112;45100;52700;67395""","""times=1645559224272;1645559331397;1645559356161;1645559364739;1645559379315;1645559381312---values=;19253;44017;52595;67171;69168"""
377703,2B_2,"""times=1645559054198;1645559059881;1645559072736;1645559082346;1645559095344;1645559122804---values=;5668;18523;28133;41130;68591""","""times=1645559054198;1645559143218;1645559151762;1645559155749;1645559165775;1645559177727;1645559197222;1645559204257;1645559217199---values=;5606;14150;18137;28163;40115;59610;66645;79587"""
377703,1B_3,"""times=1645558880929;1645558886451;1645558895005;1645558904047;1645558915038;1645558925910;1645558944532;1645558951954---values=;5519;14073;23114;34106;44978;63600;71022""","""times=1645558880929;1645558971429;1645558975190;1645558980423;1645558992005;1645559007028;1645559013366;1645559023945;1645559032998;1645559040946---values=;5617;9378;14611;26193;41216;47554;58132;67186;75134"""
377703,2B_3,"""times=1645558669264;1645558674834;1645558684014;1645558689122;1645558694186;1645558703230;1645558712372;1645558723300;1645558742330;1645558750497---values=;5566;14746;19854;24918;33962;43104;54032;73062;81229""","""times=1645558669264;1645558763355;1645558770733;1645558773375;1645558778773;1645558787754;1645558800310;1645558807346;1645558811743;1645558817323;1645558829254;1645558835618---values=;9192;16569;19212;24610;33591;46147;53183;57580;63160;75091;81455"""
377703,intact_1,"""times=1645558501623;1645558520769;1645558536973;1645558553037;1645558569002---values=;19137;35341;51405;67370""","""times=1645558501623;1645558618634;1645558650620---values=;35105;67091"""
377703,1B_1,"""times=1645558330200;1645558335717;1645558341783;1645558345393;1645558358667;1645558364214;1645558372634;1645558377859;1645558399098---values=;5503;11569;15179;28453;34000;42420;47645;68884""","""times=1645558330200;1645558418246;1645558428280;1645558438280;1645558446997;1645558455996;1645558461196;1645558470807;1645558493223---values=;4633;14667;24667;33384;42383;47583;57194;79610"""
377703,1B_2,"""times=1645558126578;1645558138200;1645558146365;1645558149669;1645558156907;1645558165059;1645558173759;1645558199411---values=;11619;19784;23088;30326;38478;47178;72830""","""times=1645558126578;1645558218808;1645558226615;1645558234175;1645558243570;1645558259123;1645558275120;1645558282847---values=;8828;16635;24195;33590;49142;65140;72867"""
377703,intact_2,"""times=1645557956163;1645557964726;1645557975922;1645557981609;1645557993331;1645558001990;1645558005424;1645558021354---values=;8560;19756;25443;37165;45824;49258;65188""","""times=1645557956163;1645558048229;1645558052599;1645558060001;1645558072143;1645558084851;1645558090056;1645558111054---values=;8666;13036;20438;32580;45288;50493;71491"""
377703,8B_3,"""times=1645557792120;1645557804928;1645557809657;1645557820415;1645557825764;1645557837797;1645557850197;1645557853946---values=;12795;17524;28282;33631;45664;58064;61813""","""times=1645557792120;1645557885283;1645557894546;1645557915922;1645557933862;1645557947817---values=;12720;21983;43359;61299;75254"""
377703,practice_task,"""times=1645557621027;1645557630827;1645557642844;1645557649244;1645557661438---values=17123;26923;38940;45340;57534""","""times=1645557686170;1645557695090;1645557707184;1645557714159;1645557727498---values=16623;25543;37637;44612;57950"""
377701,2B_3,"""times=1645559446195;1645559457052;1645559465281;1645559472063;1645559478848;1645559481398;1645559486486;1645559492341;1645559496600;1645559501662;1645559506704;1645559509757;1645559513939;1645559522167;1645559526190---values=;10842;19071;25853;32638;35188;40276;46130;50390;55452;60494;63546;67729;75957;79980""","""times=1645559446195;1645559532453;1645559538458;1645559544002;1645559545315;1645559549582;1645559551604;1645559560125;1645559565150;1645559571534;1645559575817;1645559578807;1645559581969;1645559584373;1645559592594;1645559600191;1645559600550;1645559605414;1645559607624;1645559612412---values=;1349;7354;12898;14211;18478;20500;29021;34046;40430;44713;47703;50865;53269;61490;69087;69446;74310;76520;81308"""
377701,1B_3,"""times=1645559271995;1645559277958;1645559282399;1645559284467;1645559289388;1645559296854;1645559299608;1645559306391;1645559312270;1645559318250;1645559325011;1645559328682;1645559332265;1645559338883;1645559344829;1645559348342---values=;5961;10402;12469;17391;24856;27611;34394;40273;46253;53014;56685;60268;66886;72832;76345""","""times=1645559271995;1645559358014;1645559362035;1645559367134;1645559372923;1645559376316;1645559382888;1645559388106;1645559391973;1645559395033;1645559396877;1645559401655;1645559406174;1645559417957;1645559427886;1645559436346---values=;1104;5125;10224;16013;19406;25978;31196;35063;38123;39967;44745;49264;61047;70976;79436"""
377701,8B_1,"""times=1645559092598;1645559094109;1645559099634;1645559111448;1645559119475;1645559125691;1645559129823;1645559144251;1645559151828;1645559155259;1645559158015;1645559162074;1645559166414;1645559174025---values=;1497;7022;18836;26863;33078;37211;51639;59216;62647;65403;69462;73801;81413""","""times=1645559092599;1645559181998;1645559182843;1645559186249;1645559191204;1645559193090;1645559204500;1645559213660;1645559216985;1645559225152;1645559234162;1645559240528;1645559246812;1645559248688;1645559251850;1645559263403---values=;1508;2353;5759;10714;12600;24010;33170;36495;44662;53672;60038;66322;68198;71360;82913"""
377701,1B_2,"""times=1645558900435;1645558901628;1645558903534;1645558907747;1645558912430;1645558925160;1645558939637;1645558943200;1645558945605;1645558946583;1645558950976;1645558955774;1645558966150;1645558968950;1645558975820---values=;1186;3092;7305;11988;24718;39195;42758;45163;46141;50534;55332;65708;68508;75378""","""times=1645558900436;1645558984951;1645558986298;1645558988067;1645558988619;1645558996072;1645558997173;1645558999480;1645559001720;1645559003923;1645559006496;1645559008362;1645559012091;1645559015032;1645559019758;1645559024137;1645559026971;1645559029211;1645559030850;1645559036456;1645559037702;1645559040462;1645559042625;1645559044920;1645559047443;1645559050200;1645559055658;1645559061539---values=;1119;2466;4235;4786;12240;13341;15648;17888;20091;22664;24530;28259;31200;35926;40305;43139;45379;47017;52624;53870;56630;58793;61088;63611;66368;71826;77707"""
377701,2B_2,"""times=1645558728370;1645558729224;1645558737751;1645558753043;1645558764364;1645558773495;1645558782615;1645558789627;1645558804549---values=;833;9360;24652;35973;45104;54224;61236;76158""","""times=1645558728370;1645558814996;1645558820289;1645558846336;1645558855860;1645558877005;1645558884859---values=;3190;8483;34530;44054;65199;73053"""
377701,intact_2,"""times=1645558558387;1645558568545;1645558574615;1645558583602;1645558595294;1645558599560;1645558604011;1645558606149;1645558610447;1645558621093;1645558634206---values=;10152;16222;25209;36901;41167;45618;47755;52054;62700;75813""","""times=1645558558387;1645558642899;1645558652033;1645558654703;1645558667547;1645558676743;1645558686163;1645558690667;1645558711957;1645558717292---values=;1108;10241;12912;25756;34952;44372;48876;70166;75501"""
377701,intact_1,"""times=1645558345943;1645558347782;1645558352512;1645558364233;1645558372005;1645558380712;1645558384167;1645558388675;1645558391307;1645558398897;1645558402588;1645558408107;1645558417680;1645558421861---values=;1830;6560;18281;26053;34760;38215;42723;45355;52945;56636;62155;71728;75908""","""times=1645558345943;1645558429621;1645558434633;1645558440510;1645558451808;1645558462400;1645558466540;1645558470189;1645558472652;1645558482912;1645558485398;1645558494110;1645558495927;1645558502202---values=;1791;6803;12680;23978;34570;38710;42359;44822;55082;57568;66280;68097;74372"""
377701,1B_1,"""times=1645558169992;1645558171497;1645558176192;1645558182491;1645558186899;1645558192319;1645558201618;1645558203240;1645558208449;1645558216651;1645558224655;1645558232372;1645558239639---values=;1491;6186;12485;16893;22313;31612;33234;38443;46645;54649;62366;69633""","""times=1645558169992;1645558254393;1645558258204;1645558265871;1645558268590;1645558273575;1645558286145;1645558293605;1645558299265;1645558307782;1645558312711;1645558320053;1645558325182;1645558328775;1645558333553---values=;1000;4811;12478;15197;20182;32752;40212;45872;54389;59318;66660;71789;75382;80160"""
377701,8B_3,"""times=1645558003492;1645558005445;1645558014100;1645558018670;1645558022362;1645558032156;1645558042671;1645558050139;1645558058219;1645558061282;1645558067697;1645558073757---values=;1950;10604;15175;18867;28661;39176;46644;54724;57787;64202;70262""","""times=1645558003492;1645558088542;1645558093490;1645558096205;1645558102179;1645558107624;1645558115045;1645558121994;1645558129496;1645558135162;1645558142103;1645558145396;1645558149172;1645558152449;1645558156086---values=;4603;9550;12266;18240;23685;31106;38055;45557;51223;58164;61457;65233;68510;72147"""
377701,8B_2,"""times=1645557803923;1645557809162;1645557815953;1645557822495;1645557827430;1645557830252;1645557838073;1645557844896;1645557847773;1645557851499;1645557857145;1645557860042;1645557869425;1645557874118;1645557882578---values=;5236;12027;18569;23504;26326;34147;40970;43846;47573;53219;56116;65499;70192;78652""","""times=1645557803923;1645557903616;1645557904886;1645557909281;1645557913595;1645557919652;1645557923048;1645557925922;1645557932836;1645557937468;1645557943011;1645557951108;1645557960856;1645557966942---values=;16300;17570;21965;26279;32336;35732;38606;45520;50152;55695;63792;73540;79626"""
377701,intact_3,"""times=1645557618779;1645557632551;1645557637000;1645557649725;1645557654121;1645557658892;1645557665321;1645557671909;1645557680542;1645557684885;1645557692690---values=;13762;18211;30936;35332;40102;46532;53120;61753;66096;73901""","""times=1645557618780;1645557710768;1645557722275;1645557730982;1645557736009;1645557743468;1645557746541;1645557746963;1645557757480;1645557765773;1645557772938;1645557778525;1645557783624---values=;5602;17109;25816;30843;38302;41375;41797;52314;60607;67772;73359;78458"""
377701,2B_1,"""times=1645557432092;1645557440465;1645557445413;1645557469285;1645557478623;1645557497180;1645557505024---values=;8368;13316;37188;46526;65083;72927""","""times=1645557432092;1645557533842;1645557550516;1645557561543;1645557572470;1645557591269---values=;18351;35024;46052;56979;75778"""
377701,practice_task,"""times=1645557291282;1645557292839;1645557298836;1645557302035;1645557304208;1645557307742;1645557309576;1645557314041;1645557317205;1645557320154;1645557323087;1645557325095;1645557340220---values=11197;12754;18751;21950;24123;27657;29491;33956;37120;40069;43002;45010;60135""","""times=1645557350617;1645557356269;1645557361516;1645557364618;1645557369114;1645557373828;1645557378180;1645557383907;1645557388899;1645557392339;1645557397251;1645557404556---values=5070;10722;15968;19071;23567;28281;32633;38360;43352;46791;51704;59009"""
377696,8B_2,"""times=1645559935695;1645559968514;1645559988052;1645560002143---values=;32814;52352;66443""","""times=1645559935695;1645560036091;1645560051701;1645560077798;1645560085708---values=;16895;32505;58602;66512"""
377696,intact_3,"""times=1645559757614;1645559776365;1645559808650;1645559828274---values=;18742;51027;70651""","""times=1645559757614;1645559860679;1645559880412;1645559895000---values=;16610;36343;50930"""
377696,2B_1,"""times=1645559586397;1645559596024;1645559612274;1645559615684;1645559626024;1645559645022;1645559652469;1645559660015---values=;9624;25874;29284;39624;58622;66069;73615""","""times=1645559586397;1645559693331;1645559701073;1645559727294;1645559736712;1645559744789---values=;23439;31181;57402;66820;74897"""
377696,8B_1,"""times=1645559322672;1645559341276;1645559357702;1645559365739;1645559392459;1645559396986;1645559406821---values=;18601;35027;43064;69784;74311;84146""","""times=1645559322672;1645559427133;1645559449769;1645559458021;1645559480366---values=;16482;39118;47370;69715"""
377696,1B_3,"""times=1645559149493;1645559158138;1645559166433;1645559177901;1645559192551;1645559197249;1645559219423---values=;8642;16937;28405;43055;47753;69927""","""times=1645559149493;1645559241091;1645559249374;1645559258916;1645559269721;1645559301394---values=;6633;14916;24458;35263;66936"""
377696,2B_2,"""times=1645558978430;1645558986850;1645558993703;1645559005743;1645559019766;1645559028874;1645559036609;1645559044286---values=;8414;15267;27307;41330;50438;58173;65850""","""times=1645558978430;1645559069355;1645559078314;1645559088400;1645559106667;1645559122569;1645559129252---values=;7421;16381;26467;44734;60636;67319"""
377696,intact_1,"""times=1645558710216;1645558727626;1645558743708;1645558748723;1645558768085;1645558777724---values=;17397;33479;38494;57856;67495""","""times=1645558710216;1645558811974;1645558827587;1645558848086;1645558858744---values=;19750;35363;55862;66520"""
377696,1B_1,"""times=1645558538948;1645558544167;1645558553606;1645558569568;1645558577163;1645558585994;1645558596772;1645558604799;1645558615341---values=;5216;14655;30617;38212;47043;57821;65848;76390""","""times=1645558538948;1645558626976;1645558636967;1645558647233;1645558654334;1645558669313;1645558688837;1645558697926---values=;4529;14520;24786;31887;46866;66390;75479"""
377696,2B_3,"""times=1645558364573;1645558370538;1645558376080;1645558382221;1645558387720;1645558403557;1645558406616;1645558410301;1645558417047;1645558427195;1645558435178---values=;5962;11504;17644;23144;38981;42040;45725;52471;62619;70602""","""times=1645558364573;1645558455072;1645558465478;1645558470132;1645558475512;1645558488303;1645558494434;1645558505090;1645558512665;1645558522535---values=;5518;15924;20578;25958;38749;44880;55536;63111;72981"""
377696,8B_3,"""times=1645558123649;1645558136210;1645558142082;1645558163780;1645558174546;1645558186802;1645558196791---values=;12557;18429;40127;50893;63149;73138""","""times=1645558123649;1645558216837;1645558222417;1645558236925;1645558252876;1645558267570;1645558277711---values=;12629;18209;32717;48668;63362;73503"""
377696,intact_2,"""times=1645557952312;1645557973590;1645558002648---values=;21270;50328""","""times=1645557952312;1645558055700;1645558086761---values=;19899;50960"""
377696,1B_2,"""times=1645557779996;1645557826185---values=;46176""","""times=1645557779996;1645557907230;1645557913218---values=;43742;49730"""
377696,practice_task,"""times=1645557586895;1645557616725---values=17722;47552""","""times=1645557655862;1645557686043;1645557700459---values=17219;47399;61816"""
377694,2B_3,"""times=1645560154104;1645560163527;1645560176034;1645560190226;1645560207253;1645560217492---values=;9414;21921;36113;53140;63379""","""times=1645560154104;1645560248404;1645560253110;1645560285315---values=;9447;14153;46358"""
377694,intact_1,"""times=1645559979774;1645560015325;1645560032241;1645560047401---values=;35535;52451;67611""","""times=1645559979774;1645560088954;1645560096885;1645560113487;1645560129327---values=;27252;35183;51785;67625"""
377694,1B_3,"""times=1645559673499;1645559683171;1645559685722;1645559690816;1645559696900;1645559708793;1645559720745;1645559736491---values=;9663;12214;17308;23392;35285;47237;62983""","""times=1645559673499;1645559763760;1645559767788;1645559790579;1645559794183;1645559805740;1645559819325;1645559837953---values=;5375;9403;32194;35798;47355;60940;79568"""
377694,8B_3,"""times=1645559410465;1645559428323;1645559459531;1645559473704---values=;17849;49057;63230""","""times=1645559410465;1645559512141;1645559524067;1645559552771---values=;21219;33145;61849"""
377694,1B_2,"""times=1645559227333;1645559238058;1645559248961;1645559273022;1645559298331;1645559303293---values=;10715;21618;45679;70988;75950""","""times=1645559227333;1645559321918;1645559331891;1645559347313;1645559356388;1645559372671---values=;10532;20505;35927;45002;61285"""
377694,intact_2,"""times=1645559045454;1645559059547;1645559073229;1645559095392;1645559111590---values=;14091;27773;49935;66134""","""times=1645559045454;1645559139014;1645559156196;1645559178131;1645559195518---values=;10144;27326;49261;66647"""
377694,8B_2,"""times=1645558598988;1645558616092;1645558637238;1645558644266;1645558653885;1645558668850---values=;17099;38245;45273;54892;69857""","""times=1645558598988;1645558701887;1645558710303;1645558719737;1645558727594;1645558733825---values=;19467;27883;37317;45174;51405"""
377694,2B_1,"""times=1645558428591;1645558436346;1645558439554;1645558442290;1645558446849;1645558452825;1645558458056;1645558468425;1645558485679;1645558495030;1645558498505---values=;7749;10958;13694;18253;24228;29460;39829;57083;66434;69909""","""times=1645558428591;1645558517705;1645558525470;1645558538120;1645558541334;1645558555750;1645558570080---values=;5695;13460;26110;29324;43740;58070"""
377694,intact_3,"""times=1645558236381;1645558255094;1645558272299;1645558287570---values=;18704;35909;51180""","""times=1645558236381;1645558341714;1645558360199;1645558373937---values=;18948;37433;51171"""
377694,2B_2,"""times=1645557953985;1645557958936;1645557976209;1645557988340;1645557999772;1645558019274---values=;4946;22219;34350;45782;65284""","""times=1645557953985;1645558047667;1645558083232;1645558102694---values=;10266;45831;65293"""
377694,1B_1,"""times=1645557712235;1645557725026;1645557730427;1645557745895;1645557751990;1645557755583;1645557770576;1645557788039---values=;12788;18189;33657;39752;43345;58338;75801""","""times=1645557712235;1645557813835;1645557832391;1645557841591;1645557861270;1645557871609---values=;18201;36757;45957;65636;75975"""
377694,8B_1,"""times=1645557531244;1645557548126;1645557566787;1645557590011;1645557601215---values=;16872;35533;58757;69961""","""times=1645557531244;1645557637574;1645557654403;1645557664748;1645557668103;1645557688352;1645557703449---values=;18446;35275;45620;48975;69224;84321"""
377694,practice_task,"""times=1645557320067;1645557323536;1645557331298;1645557354267;1645557357257;1645557362673;1645557368294;1645557371658;1645557375292---values=6350;9819;17581;40550;43540;48956;54577;57941;61575""","""times=1645557388730;1645557392532;1645557399887;1645557421673;1645557426630;1645557436779;1645557440288;1645557444512---values=5474;9276;16631;38417;43374;53523;57032;61256"""
377692,2B_3,"""times=1645559590108;1645559609988;1645559615926;1645559652716;1645559671504---values=;19875;25812;62603;81391""","""times=1645559590109;1645559694578;1645559701280;1645559737455;1645559756625---values=;19575;26277;62452;81622"""
377692,intact_1,"""times=1645559408601;1645559442687;1645559473881---values=;34082;65276""","""times=1645559408601;1645559524125;1645559556228;1645559556524---values=;33613;65717;66013"""
377692,1B_3,"""times=1645559231915;1645559265395;1645559274873;1645559313034---values=;33469;42947;81109""","""times=1645559231915;1645559351099---values=;34297"""
377692,8B_3,"""times=1645559018329;1645559039021;1645559054605;1645559079672---values=;20686;36270;61337""","""times=1645559018329;1645559114614;1645559132773;1645559147960---values=;15831;33990;49176"""
377692,intact_2,"""times=1645558831618;1645558843791;1645558859591;1645558880020---values=;12163;27963;48392""","""times=1645558831618;1645558960582;1645558963353---values=;45559;48330"""
377692,1B_2,"""times=1645558660121;1645558671654;1645558697326;1645558707340;1645558726264---values=;11519;37191;47205;66129""","""times=1645558660121;1645558753750;1645558779721;1645558788370---values=;10203;36174;44823"""
377692,8B_2,"""times=1645558451553;1645558468600;1645558478752;1645558495625;1645558506637---values=;17039;27190;44063;55076""","""times=1645558451553;1645558536378;1645558552023;1645558563704;1645558579331;1645558587695---values=;1422;17067;28748;44375;52739"""
377692,intact_3,"""times=1645558273406;1645558289515;1645558310596;1645558324124;1645558338432---values=;16096;37177;50705;65013""","""times=1645558273406;1645558376196;1645558397230;1645558410582;1645558429873---values=;16399;37433;50785;70076"""
377692,2B_1,"""times=1645558102139;1645558104723;1645558117717;1645558133333;1645558158773;1645558167688---values=;2579;15573;31189;56629;65544""","""times=1645558102139;1645558187712;1645558200487;1645558215757;1645558226620;1645558242293---values=;2154;14929;30199;41062;56735"""
377692,1B_1,"""times=1645557856350;1645557862171;1645557872576;1645557890327;1645557898596;1645557922427---values=;5815;16220;33971;42240;66071""","""times=1645557856350;1645557944764;1645557955920;1645557982644---values=;4996;16152;42876"""
377692,2B_2,"""times=1645557685316;1645557712407;1645557731321;1645557749879---values=;27076;45990;64548""","""times=1645557685316;1645557795958;1645557808187;1645557815855;1645557828900;1645557834977---values=;27215;39444;47112;60157;66234"""
377692,8B_1,"""times=1645557500636;1645557520676;1645557536171;1645557546566;1645557555967;1645557570055---values=;20036;35531;45926;55327;69415""","""times=1645557500636;1645557606783;1645557624182;1645557632101;1645557642561;1645557660695---values=;18266;35665;43584;54044;72178"""
377692,practice_task,"""times=1645557287835;1645557301674;1645557322674;1645557341899---values=5411;19251;40251;59476""","""times=1645557357195;1645557369642;1645557391475;1645557396181;1645557405865---values=5200;17646;39480;44185;53870"""
377685,2B_2,"""times=1645559747279;1645559773261;1645559788265;1645559805795---values=;25964;40969;58499""","""times=1645559747279;1645559850888;1645559899559---values=;20187;68858"""
377685,intact_3,"""times=1645559566563;1645559610115;1645559619708;1645559645269---values=;43525;53118;78679""","""times=1645559566564;1645559673634;1645559689054;1645559700802;1645559711744;1645559722277---values=;20639;36059;47807;58749;69282"""
377685,8B_3,"""times=1645559255575;1645559274103;1645559287478;1645559328977---values=;18509;31884;73383""","""times=1645559255575;1645559344859;1645559383716---values=;8820;47677"""
377685,8B_2,"""times=1645559044496;1645559073671;1645559116304---values=;29150;71782""","""times=1645559044497;1645559145981;1645559175738---values=;18045;47802"""
377685,intact_1,"""times=1645558718583;1645558788426---values=;69829""","""times=1645558718583;1645558848795;1645558876353---values=;48220;75778"""
377685,1B_3,"""times=1645558520062;1645558544544;1645558575580---values=;24463;55499""","""times=1645558520062;1645558616339;1645558676951---values=;11370;71982"""
377685,1B_2,"""times=1645558260618;1645558266606;1645558280706;1645558302780;1645558329236---values=;5967;20067;42141;68597""","""times=1645558260618;1645558368372;1645558375878;1645558387953;1645558401402;1645558412613---values=;24274;31780;43855;57305;68516"""
377685,8B_1,"""times=1645558073656;1645558126327---values=;52650""","""times=1645558073656;1645558202226;1645558216082;1645558227624;1645558233924---values=;40653;54509;66051;72351"""
377685,2B_1,"""times=1645557901934;1645557923706;1645557942048;1645557970786---values=;21747;40089;68827""","""times=1645557901934;1645558029431---values=;44045"""
377685,1B_1,"""times=1645557690011;1645557694868;1645557700747;1645557709004;1645557723252;1645557730290;1645557738551;1645557746850;1645557763206---values=;4839;10718;18975;33223;40261;48522;56820;73177""","""times=1645557690011;1645557779810;1645557795959;1645557805035;1645557817714;1645557838305---values=;6381;22530;31606;44284;64876"""
377685,2B_3,"""times=1645557514275;1645557519554;1645557530388;1645557537716;1645557546116;1645557561856;1645557575881---values=;5259;16093;23421;31821;47561;61586""","""times=1645557514275;1645557610451;1645557617837;1645557620542;1645557631278;1645557658348;1645557663991;1645557674797---values=;11224;18610;21315;32050;59121;64763;75570"""
377685,intact_2,"""times=1645557342274;1645557382336;1645557393002---values=;40043;50709""","""times=1645557342274;1645557460845;1645557469241;1645557477790---values=;35139;43535;52084"""
377685,practice_task,"""times=1645557134602;1645557152381;1645557176225---values=21690;39470;63314""","""times=1645557220506;1645557236326;1645557245222---values=38624;54444;63340"""
377678,intact_3,"""times=1645559321826;1645559328895;1645559339229;1645559350232;1645559357045;1645559370687;1645559382924;1645559388170;1645559399973---values=;7067;17401;28404;35217;48859;61096;66342;78145""","""times=1645559321826;1645559418806;1645559426182;1645559441065;1645559444832;1645559455507;1645559459271;1645559473742;1645559480202;1645559489398---values=;10649;18025;32908;36675;47350;51114;65585;72045;81241"""
377678,2B_1,"""times=1645559145976;1645559149889;1645559155247;1645559160770;1645559165065;1645559170010;1645559176119;1645559186097;1645559192290;1645559198026;1645559203748;1645559204179;1645559215163;1645559221441---values=;3910;9268;14791;19086;24031;30140;40118;46311;52047;57769;58200;69184;75462""","""times=1645559145976;1645559233250;1645559239173;1645559248015;1645559254632;1645559259912;1645559269466;1645559285817;1645559296680;1645559304536;1645559309202---values=;3892;9815;18657;25274;30554;40108;56459;67322;75178;79844"""
377678,8B_2,"""times=1645558975279;1645558993541;1645559003811;1645559011954;1645559019862;1645559025172;1645559041487;1645559052093---values=;18260;28530;36673;44581;49891;66206;76812""","""times=1645558975279;1645559075438;1645559090026;1645559103318;1645559108480;1645559125702;1645559132921---values=;16779;31367;44659;49821;67043;74262"""
377678,8B_1,"""times=1645558724448;1645558741365;1645558746547;1645558752827;1645558759399;1645558766708;1645558773367;1645558779448;1645558788535;1645558794478;1645558806865---values=;16914;22096;28376;34948;42257;48916;54997;64084;70027;82414""","""times=1645558724448;1645558828462;1645558834089;1645558841100;1645558847212;1645558859497;1645558875527;1645558881429---values=;16182;21809;28820;34932;47217;63247;69149"""
377678,1B_3,"""times=1645558526230;1645558531389;1645558537903;1645558543379;1645558558806;1645558567476;1645558573862;1645558582929;1645558589005;1645558596288;1645558603111---values=;5156;11670;17146;32573;41243;47629;56696;62772;70055;76878""","""times=1645558526230;1645558616982;1645558623247;1645558627707;1645558641333;1645558646831;1645558657327;1645558668457;1645558673623;1645558681593---values=;5891;12156;16616;30242;35740;46236;57366;62532;70502"""
377678,2B_2,"""times=1645558356222;1645558362789;1645558366133;1645558374444;1645558380736;1645558388851;1645558393740;1645558401471;1645558406483;1645558420682;1645558435335---values=;6563;9908;18219;24511;32626;37515;45246;50258;64457;79110""","""times=1645558356222;1645558445977;1645558449028;1645558458263;1645558464256;1645558472585;1645558480183;1645558483829;1645558501398;1645558505775---values=;6366;9417;18652;24645;32974;40572;44218;61787;66164"""
377678,intact_1,"""times=1645558109529;1645558115796;1645558126033;1645558128296;1645558144111;1645558155942;1645558160610;1645558173551;1645558181110---values=;6264;16501;18764;34579;46410;51078;64019;71578""","""times=1645558109529;1645558209641;1645558221476;1645558226722;1645558233565;1645558249575;1645558254772;1645558258435;1645558265597---values=;18241;30076;35322;42165;58175;63372;67035;74197"""
377678,1B_1,"""times=1645557939312;1645557942971;1645557954133;1645557959481;1645557971866;1645557982214;1645557987980;1645557996283;1645558004507;1645558013511;1645558019524---values=;3658;14820;20168;32553;42901;48667;56970;65194;74198;80211""","""times=1645557939312;1645558026117;1645558028394;1645558037269;1645558043230;1645558047705;1645558053600;1645558058513;1645558065673;1645558071715;1645558079694;1645558086970;1645558098402;1645558102921---values=;3417;5694;14569;20530;25005;30900;35813;42973;49015;56994;64270;75702;80221"""
377678,2B_3,"""times=1645557766622;1645557774852;1645557781583;1645557788542;1645557795512;1645557803321;1645557812511;1645557822927;1645557828539;1645557839161;1645557844819---values=;8226;14957;21916;28886;36695;45885;56301;61913;72535;78193""","""times=1645557766622;1645557859476;1645557870543;1645557879146;1645557884099;1645557893251;1645557905049;1645557912505;1645557921720---values=;7996;19063;27666;32619;41771;53569;61025;70240"""
377678,1B_2,"""times=1645557501398;1645557509543;1645557515447;1645557522073;1645557529538;1645557535791;1645557543253;1645557546916;1645557555470;1645557561547;1645557568132;1645557571802;1645557575266;1645557579376---values=;8143;14048;20674;28139;34392;41854;45517;54071;60148;66733;70403;73867;77977""","""times=1645557501398;1645557592987;1645557599725;1645557605902;1645557614982;1645557617164;1645557619757;1645557627431;1645557632072;1645557639023;1645557640629;1645557650975;1645557654939;1645557661901---values=;8216;14954;21131;30211;32393;34985;42660;47301;54252;55858;66204;70168;77130"""
377678,8B_3,"""times=1645557336886;1645557349566;1645557355244;1645557367750;1645557383870;1645557398370---values=;12677;18355;30861;46981;61481""","""times=1645557336886;1645557429816;1645557435542;1645557453206;1645557463526;1645557491520---values=;12509;18235;35899;46219;74213"""
377678,intact_2,"""times=1645557166301;1645557176577;1645557187594;1645557191247;1645557196222;1645557202471;1645557211283;1645557215749;1645557232438---values=;10273;21290;24943;29918;36167;44979;49445;66134""","""times=1645557166301;1645557260059;1645557263391;1645557273101;1645557282324;1645557297979;1645557314941---values=;10368;13700;23410;32633;48288;65250"""
377678,practice_task,"""times=1645556856446;1645556861832;1645556869994;1645556890013;1645556894717;1645556897576;1645556908856;1645556913603---values=5380;10766;18928;38947;43651;46510;57790;62537""","""times=1645556924624;1645556929942;1645556937847;1645556958391;1645556962950;1645556965294;1645556974245;1645556977401---values=4606;9924;17829;38373;42932;45276;54227;57383"""
377665,intact_1,"""times=1645557456292---values=""","""times=1645557456292;1645557554297;1645557569880;1645557573097;1645557605211;1645557615465---values=;16074;31657;34873;66988;77242"""
377665,8B_2,"""times=1645557301835;1645557308041---values=33231;39437""","""times=1645557268595;1645557368955;1645557384547;1645557401546;1645557417634---values=;16958;32550;49549;65637"""
377664,intact_3,"""times=1645559121115;1645559171971---values=;50840""","""times=1645559121115;1645559226488;1645559258802---values=;18652;50966"""
377664,2B_2,"""times=1645558949451;1645558994599;1645559015342---values=;45135;65878""","""times=1645558949451;1645559077714;1645559098515---values=;44530;65331"""
377664,8B_3,"""times=1645558782654;1645558832464---values=;49793""","""times=1645558782654;1645558881932;1645558897887;1645558931132---values=;18481;34436;67680"""
377664,intact_1,"""times=1645558594633;1645558631559;1645558662008---values=;36923;67372""","""times=1645558594633;1645558711952---values=;35096"""
377664,8B_2,"""times=1645558381907;1645558410355;1645558432898;1645558460322---values=;28442;50985;78409""","""times=1645558381907;1645558493400;1645558507839;1645558544530---values=;27764;42204;78895"""
377664,1B_3,"""times=1645558207097;1645558222922;1645558260954---values=;15809;53841""","""times=1645558207097;1645558339528;1645558361361---values=;47227;69060"""
377664,2B_1,"""times=1645557988501;1645558046006---values=;57497""","""times=1645557988501;1645558115195;1645558129161---values=;42949;56915"""
377664,1B_2,"""times=1645557804899;1645557828301;1645557878300---values=;23393;73392""","""times=1645557804899;1645557906054;1645557934108---values=;17426;45480"""
377664,8B_1,"""times=1645557624294;1645557662677;1645557684568;1645557699250---values=;38370;60261;74943""","""times=1645557624294;1645557760834;1645557781833---values=;48356;69355"""
377664,2B_3,"""times=1645557343014;1645557363682;1645557369974;1645557419789---values=;20666;26958;76773""","""times=1645557343014;1645557437676;1645557449878---values=;9476;21678"""
377664,intact_2,"""times=1645557172358;1645557183661;1645557222947---values=;11298;50584""","""times=1645557172358;1645557292538---values=;36456"""
377664,1B_1,"""times=1645557000198;1645557016247;1645557034019;1645557043242;1645557060611---values=;16033;33805;43028;60397""","""times=1645557000198;1645557090447;1645557100420;1645557154559---values=;6513;16486;70625"""
377664,practice_task,"""times=1645556825073;1645556833535;1645556838124;1645556853577;1645556877864;1645556881768---values=6263;14725;19313;34767;59054;62958""","""times=1645556900645;1645556926593;1645556945481---values=12180;38128;57016"""
377663,8B_3,"""times=1645559303785;1645559318641;1645559322871;1645559332762;1645559333288;1645559334196;1645559349898;1645559370181;1645559375910;1645559378099---values=;14851;19081;28972;29498;30406;46108;66391;72120;74309""","""times=1645559303785;1645559398896;1645559402373;1645559412322;1645559414664;1645559428818;1645559430611;1645559450338;1645559458743---values=;14733;18210;28159;30501;44655;46448;66175;74580"""
377663,intact_3,"""times=1645559128991;1645559144712;1645559149791;1645559153094;1645559159240;1645559161079;1645559169088;1645559175443;1645559177442;1645559186029;1645559189471;1645559193358;1645559201334;1645559207457;1645559209357---values=;15720;20799;24102;30248;32087;40095;46451;48450;57037;60479;64366;72342;78465;80365""","""times=1645559128991;1645559229285;1645559231364;1645559235457;1645559245854;1645559247729;1645559261696;1645559263694;1645559271499;1645559276050;1645559277738;1645559279712;1645559281896;1645559293627;1645559295437---values=;14010;16089;20182;30579;32454;46421;48419;56224;60775;62463;64437;66621;78352;80162"""
377663,2B_2,"""times=1645558957504;1645558961229;1645558962203;1645558964339;1645558969963;1645558973975;1645558978428;1645558980679;1645558982240;1645558983892;1645558988168;1645558989891;1645558994639;1645558997565;1645559000074;1645559012062;1645559025910---values=;3722;4696;6832;12456;16468;20921;23172;24733;26385;30661;32384;37132;40058;42567;54555;68403""","""times=1645558957504;1645559045372;1645559047879;1645559052971;1645559054947;1645559057469;1645559065484;1645559067197;1645559069838;1645559077093;1645559083215;1645559094543;1645559101740;1645559103436;1645559111326---values=;4554;7061;12153;14129;16651;24666;26379;29020;36275;42397;53725;60922;62618;70508"""
377663,1B_3,"""times=1645558704919;1645558707775;1645558711700;1645558717034;1645558719735;1645558727056;1645558735180;1645558737465;1645558757861;1645558759205;1645558764147;1645558765185;1645558771521;1645558775842;1645558777419;1645558781007---values=;2850;6775;12109;14809;22131;30255;32540;52936;54280;59222;60260;66596;70917;72494;76082""","""times=1645558704919;1645558796523;1645558801833;1645558804574;1645558807939;1645558811786;1645558817871;1645558822118;1645558834263;1645558842275;1645558843920;1645558849888;1645558855486;1645558860242;1645558865569;1645558869433---values=;6780;12090;14831;18196;22043;28128;32375;44520;52532;54177;60145;65743;70499;75826;79690"""
377663,8B_2,"""times=1645558534988;1645558549226;1645558553252;1645558557110;1645558561191;1645558563181;1645558564040;1645558565844;1645558568432;1645558589075;1645558594106;1645558597650;1645558601300;1645558601461;1645558605126;1645558611377;1645558613224---values=;14230;18256;22114;26195;28185;29044;30847;33436;54079;59110;62654;66304;66465;70130;76381;78228""","""times=1645558534988;1645558625142;1645558632458;1645558636353;1645558640407;1645558646491;1645558647420;1645558648930;1645558659173;1645558659912;1645558672445;1645558677403;1645558680393;1645558685066;1645558688439;1645558694539;1645558694657;1645558696760---values=;6829;14145;18040;22094;28178;29107;30617;40859;41599;54132;59090;62080;66753;70126;76226;76344;78447"""
377663,intact_1,"""times=1645558367927;1645558372276;1645558374519;1645558381087;1645558384300;1645558388305;1645558392883;1645558398454;1645558400087;1645558405067;1645558408465;1645558410501;1645558414347;1645558416072;1645558420004;1645558424821;1645558432111;1645558440927;1645558441015---values=;4345;6588;13156;16369;20374;24952;30523;32156;37136;40534;42570;46416;48141;52073;56890;64180;72996;73084""","""times=1645558367927;1645558453865;1645558458850;1645558464869;1645558465900;1645558469798;1645558475076;1645558479874;1645558481919;1645558486270;1645558490180;1645558491958;1645558494393;1645558496250;1645558498159;1645558500205;1645558505972;1645558510474;1645558512535;1645558513332;1645558514416;1645558516804;1645558518962;1645558522881;1645558528535---values=;4113;9098;15117;16148;20046;25324;30122;32167;36518;40428;42206;44641;46498;48407;50453;56220;60722;62783;63580;64664;67052;69210;73129;78783"""
377663,2B_1,"""times=1645558172499;1645558178212;1645558181156;1645558184866;1645558187005;1645558189195;1645558193092;1645558195323;1645558200793;1645558202783;1645558207957;1645558212755;1645558216499;1645558219653;1645558224877;1645558226920;1645558232717;1645558240842;1645558245262;1645558246999---values=;5708;8652;12362;14501;16691;20588;22819;28289;30279;35453;40251;43995;47149;52373;54416;60213;68338;72758;74495""","""times=1645558172499;1645558260762;1645558263991;1645558268662;1645558272178;1645558277925;1645558284276;1645558289318;1645558292637;1645558294558;1645558299207;1645558303305;1645558309353;1645558310236;1645558314965;1645558322938;1645558328513---values=;4960;8189;12860;16376;22123;28474;33516;36835;38756;43405;47503;53551;54434;59163;67136;72711"""
377663,1B_2,"""times=1645558002794;1645558003728;1645558008134;1645558010985;1645558013899;1645558015572;1645558017764;1645558019755;1645558021581;1645558025272;1645558027209;1645558030200;1645558034563;1645558035508;1645558039985;1645558042227;1645558045329;1645558051121;1645558054759;1645558058259;1645558062413;1645558065950;1645558071374;1645558074427---values=;931;5337;8188;11102;12775;14967;16958;18784;22475;24412;27403;31766;32711;37188;39430;42531;48324;51962;55462;59616;63153;68577;71630""","""times=1645558002794;1645558086934;1645558090524;1645558096443;1645558098596;1645558102533;1645558106313;1645558109047;1645558112576;1645558116661;1645558119976;1645558123402;1645558126129;1645558128550;1645558130705;1645558132574;1645558136746;1645558137654;1645558140375;1645558146268;1645558153637;1645558157739;1645558159824;1645558160739;1645558164611---values=;840;4430;10349;12502;16439;20219;22953;26482;30567;33882;37308;40035;42456;44611;46480;50652;51560;54281;60174;67543;71645;73730;74645;78517"""
377663,8B_1,"""times=1645557823974;1645557829410;1645557834351;1645557837711;1645557841694;1645557844129;1645557847971;1645557852196;1645557856108;1645557865058;1645557866836;1645557867406;1645557869611;1645557874079;1645557876272;1645557878274;1645557885205;1645557886722;1645557888602;1645557894420;1645557898439;1645557904960;1645557906846---values=;5430;10373;13733;17716;20151;23993;28218;32130;41080;42858;43428;45633;50101;52294;54296;61227;62744;64624;70442;74461;80982;82868""","""times=1645557823974;1645557916090;1645557920176;1645557926858;1645557928404;1645557932184;1645557936198;1645557940241;1645557944792;1645557946495;1645557955864;1645557957493;1645557961926;1645557963770;1645557966175;1645557967991;1645557973027;1645557976013;1645557980286;1645557984552;1645557990954;1645557992562;1645557994062;1645557995523---values=;4313;8399;15081;16627;20407;24421;28464;33015;34718;44087;45716;50149;51993;54398;56214;61250;64236;68509;72775;79177;80785;82285;83746"""
377663,1B_1,"""times=1645557427426;1645557433298;1645557437944;1645557441944;1645557445250;1645557448561;1645557450290;1645557453410;1645557454395;1645557456442;1645557459027;1645557462506;1645557464434;1645557466227;1645557471903;1645557474129;1645557477581;1645557481972;1645557482945;1645557486354;1645557489094;1645557493593;1645557496761;1645557500130;1645557502982---values=;5866;10512;14512;17818;21129;22858;25978;26963;29010;31595;35074;37002;38795;44471;46697;50149;54540;55513;58922;61662;66161;69329;72698;75550""","""times=1645557427426;1645557515430;1645557519066;1645557524865;1645557529152;1645557533489;1645557537787;1645557539439;1645557543124;1645557545777;1645557548006;1645557550999;1645557557207;1645557562351;1645557565260;1645557566808;1645557570765;1645557578740;1645557581985;1645557583539;1645557590174---values=;4681;8317;14116;18403;22740;27038;28690;32375;35028;37257;40250;46458;51602;54511;56059;60016;67991;71236;72790;79425"""
377663,intact_2,"""times=1645557255606;1645557262138;1645557266095;1645557272067;1645557276652;1645557280442;1645557287451;1645557290121;1645557293230;1645557300093;1645557305013;1645557309037;1645557318387;1645557321577;1645557325690;1645557329424;1645557333077---values=;6525;10482;16454;21039;24829;31837;34508;37617;44480;49400;53424;62774;65964;70077;73811;77464""","""times=1645557255606;1645557345477;1645557350932;1645557354413;1645557361939;1645557364204;1645557369681;1645557378061;1645557382260;1645557386359;1645557392239;1645557400410;1645557404782;1645557412007---values=;6553;12008;15489;23015;25280;30757;39137;43336;47435;53315;61486;65858;73083"""
377663,2B_3,"""times=1645557082993;1645557086534;1645557089041;1645557095177;1645557103782;1645557109313;1645557114272;1645557116553;1645557119936;1645557122103;1645557126090;1645557129457;1645557131785;1645557133730;1645557136696;1645557143506;1645557146816;1645557150332;1645557155064;1645557158508;1645557161701---values=;3536;6043;12179;20784;26315;31274;33555;36938;39105;43092;46459;48787;50732;53698;60508;63818;67334;72066;75510;78703""","""times=1645557082993;1645557171851;1645557176469;1645557180613;1645557185097;1645557191560;1645557194872;1645557198776;1645557202611;1645557205805;1645557208475;1645557216405;1645557219431;1645557221331;1645557224746;1645557227697;1645557230777;1645557234301;1645557238339;1645557240782;1645557244230---values=;4059;8677;12821;17305;23768;27080;30984;34819;38013;40683;48613;51639;53539;56954;59905;62985;66509;70547;72990;76438"""
377663,practice_task,"""times=1645556907691;1645556912825;1645556923450;1645556927871---values=40064;45198;55823;60244""","""times=1645556941259;1645556950031;1645556959050;1645556970437;1645556979082;1645556991842---values=8335;17107;26126;37513;46158;58918"""
377650,intact_3,"""times=1645559098443;1645559121125;1645559134325;1645559149420;1645559160778---values=;22677;35877;50972;62330""","""times=1645559098443;1645559203389;1645559220004;1645559235810;1645559246357---values=;18575;35190;50996;61543"""
377650,8B_3,"""times=1645558931607;1645558955451;1645558964580;1645558992728---values=;23837;32966;61114""","""times=1645558931607;1645559073065;1645559082727---values=;61001;70664"""
377650,2B_2,"""times=1645558758879;1645558763541;1645558767865;1645558769987;1645558771517;1645558783494;1645558785462;1645558807642;1645558824183;1645558828013---values=;4645;8969;11091;12621;24598;26566;48746;65287;69117""","""times=1645558758879;1645558846846;1645558851169;1645558853634;1645558854902;1645558859287;1645558866914;1645558880460;1645558890387;1645558895453;1645558906964;1645558915811---values=;4549;8873;11338;12606;16991;24618;38164;48091;53157;64668;73515"""
377650,1B_3,"""times=1645558535058;1645558540307;1645558542307;1645558544234;1645558546451;1645558547781;1645558549609;1645558554592;1645558555974;1645558557842;1645558560653;1645558563683;1645558572132;1645558577328;1645558582046;1645558587879;1645558593192;1645558604463;1645558605827;1645558613668---values=;5245;7245;9172;11389;12719;14547;19530;20912;22780;25591;28621;37070;42266;46984;52817;58130;69401;70765;78606""","""times=1645558535058;1645558626014;1645558627145;1645558631206;1645558632783;1645558635123;1645558640631;1645558642612;1645558654546;1645558661228;1645558672142;1645558677077;1645558687872;1645558689395;1645558690857---values=;6070;7201;11262;12839;15179;20687;22668;34602;41284;52198;57133;67927;69451;70913"""
377650,8B_2,"""times=1645558362645;1645558379837;1645558387316;1645558396723;1645558413743;1645558427573---values=;17177;24656;34063;51083;64913""","""times=1645558362645;1645558462874;1645558478778;1645558496261;1645558522934---values=;16813;32717;50200;76873"""
377650,intact_1,"""times=1645558191279;1645558226447;1645558236095;1645558258693---values=;35154;44802;67400""","""times=1645558191279;1645558308184;1645558315960---values=;34974;42750"""
377650,1B_2,"""times=1645557953933;1645557957037;1645557967208;1645557969307;1645557972695;1645557976855;1645557978919;1645557982782;1645557988590;1645557997090;1645558002980;1645558009703;1645558013747;1645558020317;1645558025070;1645558031028;1645558032945---values=;3095;13266;15365;18753;22913;24977;28840;34648;43148;49038;55761;59805;66375;71128;77086;79002""","""times=1645557953933;1645558040340;1645558047497;1645558050995;1645558052418;1645558059418;1645558068049;1645558080842;1645558088046;1645558093610;1645558098428;1645558106556;1645558113378;1645558115312---values=;2998;10155;13653;15076;22076;30707;43500;50704;56268;61086;69214;76036;77970"""
377650,8B_1,"""times=1645557771550;1645557800907;1645557808576;1645557815072---values=;29349;37018;43514""","""times=1645557771550;1645557880905;1645557894383;1645557902459;1645557926666---values=;21498;34976;43052;67259"""
377650,2B_1,"""times=1645557598244;1645557602897;1645557611324;1645557615369;1645557619678;1645557623658;1645557626596;1645557632723;1645557636002;1645557662865;1645557670956---values=;4636;13063;17108;21417;25397;28335;34462;37741;64604;72694""","""times=1645557598244;1645557686255;1645557694067;1645557701871;1645557710088;1645557719057;1645557746409;1645557750607;1645557754450---values=;4598;12410;20214;28430;37400;64752;68950;72793"""
377650,2B_3,"""times=1645557301775;1645557306742;1645557313809;1645557320661;1645557327489;1645557334409;1645557337198;1645557346960;1645557348733;1645557352875;1645557355064;1645557358419;1645557364938;1645557374595---values=;4953;12020;18872;25700;32620;35409;45171;46944;51086;53275;56630;63149;72806""","""times=1645557301775;1645557392196;1645557396747;1645557400266;1645557408743;1645557416339;1645557419892;1645557422022;1645557431660;1645557437653;1645557440141;1645557443545;1645557450038;1645557460057---values=;5474;10025;13544;22021;29617;33170;35300;44938;50931;53419;56823;63316;73335"""
377650,1B_1,"""times=1645557125638;1645557130555;1645557138700;1645557141797;1645557148700;1645557153707;1645557158750;1645557164611;1645557171089;1645557173225;1645557178169;1645557185329;1645557191125;1645557201299---values=;4916;13061;16158;23061;28068;33111;38972;45450;47586;52530;59690;65486;75660""","""times=1645557125638;1645557213733;1645557222356;1645557224648;1645557230284;1645557236128;1645557240728;1645557243007;1645557248377;1645557252105;1645557255963;1645557269166;1645557274521;1645557288200---values=;4695;13317;15610;21246;27090;31690;33969;39339;43067;46925;60128;65483;79162"""
377650,intact_2,"""times=1645556952907;1645556961529;1645556972224;1645556993975;1645557002114;1645557019983---values=;8608;19303;41054;49193;67062""","""times=1645556952907;1645557045096;1645557056423;1645557061964;1645557074397;1645557081867;1645557085362;1645557102451;1645557111507---values=;8776;20103;25644;38077;45547;49042;66131;75187"""
377650,practice_task,"""times=1645556738691;1645556741314;1645556748435;1645556753269;1645556760414;1645556768811;1645556773000;1645556781998;1645556790381;1645556798221---values=3397;6021;13142;17976;25121;33518;37707;46705;55088;62927""","""times=1645556809509;1645556817395;1645556826920;1645556829771;1645556839100;1645556841791;1645556851348;1645556866833---values=4923;12809;22334;25185;34514;37205;46762;62247"""
377648,intact_3,"""times=1645559185834;1645559207627---values=;21787""","""times=1645559185834;1645559290396---values=;18193"""
377648,8B_2,"""times=1645559014952;1645559037101;1645559066090---values=;22139;51128""","""times=1645559014952;1645559131944---values=;33582"""
377648,2B_1,"""times=1645558845259;1645558864752;1645558898081;1645558904602---values=;19487;52816;59337""","""times=1645558845259;1645558971298;1645558992222---values=;42649;63573"""
377648,2B_2,"""times=1645558640253;1645558648570;1645558667892;1645558679644;1645558691717;1645558705407---values=;8313;27635;39387;51460;65150""","""times=1645558640253;1645558732678;1645558775291;1645558789646---values=;9020;51633;65988"""
377648,1B_3,"""times=1645558467031;1645558472697;1645558478995;1645558529596;1645558537957---values=;5665;11963;62564;70925""","""times=1645558467031;1645558558050;1645558563522;1645558577902;1645558588116;1645558603871;1645558621978---values=;6137;11609;25989;36203;51958;70065"""
377648,8B_1,"""times=1645558283956;1645558303095;1645558321408;1645558338722;1645558352899---values=;19138;37451;54765;68942""","""times=1645558283956;1645558391106;1645558426902;1645558439932---values=;19301;55097;68127"""
377648,1B_1,"""times=1645558056442;1645558060035;1645558062940;1645558072560;1645558079233;1645558089714;1645558100041;1645558104965;1645558133471---values=;3588;6493;16113;22786;33267;43594;48518;77024""","""times=1645558056442;1645558143148;1645558146263;1645558155864;1645558162494;1645558173362;1645558181231;1645558198395;1645558215351---values=;3317;6432;16033;22663;33531;41400;58564;75520"""
377648,2B_3,"""times=1645557884489;1645557891275;1645557895989;1645557901664;1645557905569;1645557911548;1645557923321;1645557928385;1645557937568;1645557941795;1645557947567---values=;6773;11487;17162;21067;27046;38819;43883;53066;57293;63065""","""times=1645557884489;1645557978715;1645557984550;1645557990179;1645557995880;1645558004148;1645558008073;1645558010975;1645558015337;1645558023182;1645558026545;1645558032625---values=;9331;15166;20795;26496;34764;38688;41591;45953;53798;57161;63241"""
377648,intact_1,"""times=1645557717285;1645557752277;1645557784231---values=;34988;66942""","""times=1645557717285;1645557834215;1645557866518---values=;35009;67313"""
377648,intact_2,"""times=1645557479972;1645557491669;1645557527305---values=;11686;47322""","""times=1645557479972;1645557602000;1645557612696;1645557630312---values=;38635;49331;66947"""
377648,1B_2,"""times=1645557310086;1645557328826;1645557345136;1645557384191---values=;18739;35049;74104""","""times=1645557310086;1645557439016---values=;45547"""
377648,8B_3,"""times=1645557145542;1645557211528---values=;65974""","""times=1645557145542;1645557288948---values=;62945"""
377648,practice_task,"""times=1645556874353;1645556920972---values=4249;50868""","""times=1645556942599;1645556953820;1645556977606---values=2920;14141;37927"""
377647,1B_3,"""times=1645559685344;1645559691790;1645559706812;1645559721608;1645559749233---values=;6440;21462;36258;63883""","""times=1645559685344;1645559790109;1645559802593;1645559819655;1645559844803---values=;19894;32378;49440;74588"""
377647,intact_1,"""times=1645559516897;1645559566498;1645559593015---values=;49599;76116""","""times=1645559516897;1645559633593;1645559668480---values=;34795;69682"""
377647,2B_3,"""times=1645559184068;1645559198790;1645559204418;1645559214757;1645559237542;1645559244467;1645559248475;1645559257896---values=;14713;20341;30680;53465;60390;64398;73819""","""times=1645559184068;1645559282725;1645559291347;1645559295609;1645559328263;1645559336481---values=;13782;22404;26666;59320;67538"""
377647,intact_2,"""times=1645558893738;1645558943554---values=;49805""","""times=1645558893738;1645558988404;1645558990240;1645559026602---values=;11255;13091;49453"""
377647,8B_3,"""times=1645558642893;1645558655699;1645558656613;1645558660070;1645558675423;1645558693043;1645558706286;1645558714664---values=;12803;13717;17174;32527;50147;63390;71768""","""times=1645558642893;1645558740387;1645558742048;1645558756159;1645558772795;1645558786707;1645558796877---values=;17057;18718;32829;49465;63377;73546"""
377647,1B_2,"""times=1645558155264;1645558169194;1645558171399;1645558184153;1645558187038;1645558201434;1645558218629---values=;13922;16127;28880;31766;46162;63357""","""times=1645558155264;1645558252106;1645558253622;1645558268388;1645558279929;1645558286386;1645558314873;1645558316007---values=;13434;14950;29716;41257;47714;76201;77335"""
377647,8B_2,"""times=1645557922231;1645557941706;1645557967279;1645557991664---values=;19473;45046;69431""","""times=1645557922231;1645558029797;1645558040665;1645558056667;1645558072701---values=;24165;35033;51035;67069"""
377647,intact_3,"""times=1645557720868;1645557738182;1645557772047---values=;17311;51176""","""times=1645557720868;1645557830558;1645557859110---values=;23338;51890"""
377647,2B_1,"""times=1645557543197;1645557573594;1645557593193;1645557602808;1645557610119;1645557612757---values=;30390;49989;59604;66915;69553""","""times=1645557543197;1645557633699;1645557636299;1645557640594;1645557643218;1645557656465;1645557661061;1645557683301---values=;7095;9695;13990;16614;29861;34457;56697"""
377647,1B_1,"""times=1645557194183;1645557202143;1645557212132;1645557228963;1645557264935---values=;7956;17945;34776;70748""","""times=1645557194183;1645557291647;1645557312075;1645557316806;1645557321972;1645557344947;1645557348045---values=;14060;34488;39219;44385;67360;70458"""
377647,8B_1,"""times=1645557014635;1645557026315;1645557035981;1645557059342;1645557083514---values=;11678;21344;44705;68877""","""times=1645557014635;1645557124530;1645557147672;1645557170829---values=;22027;45169;68326"""
377647,2B_2,"""times=1645556831948;1645556838621;1645556862740;1645556878062;1645556882223;1645556891463;1645556906811---values=;6666;30785;46107;50268;59508;74856""","""times=1645556831948;1645556945550;1645556962070;1645556979204;1645556990734---values=;30195;46715;63849;75379"""
377647,practice_task,"""times=1645556684518;1645556686166;1645556709946;1645556722801;1645556725160;1645556728174---values=17233;18881;42661;55516;57875;60889""","""times=1645556743881;1645556746466;1645556748711;1645556756220;1645556774851;1645556789799;1645556793856;1645556796863---values=7642;10227;12472;19981;38612;53560;57617;60624"""